Otu,Domain,Phylum,Class,Order,Family,Genus,Species,A1,A2,A3,A4,A5,A6,A7,A8,A9,A10,A11,A12,A13,A14,A15,A16,A17,A18,A19,A20,A21,A22,A23,A24,A25,A26,A27,A28,A29,A30,A31,A32,A33,A34,A35,A36,A37,A38,A39,A40,A41,A42,A43,A44,A45,A46,A47,A48,A49,A50,A51,A52,A53,A54,A55,A56,A57,A58,A59,A60,A61,A62,A63,A64,A65,A66,A67,A68,A69,A70,A71,A72,A73,A74,A75,A76
Otu19,Bacteria,Firmicutes,Clostridia,Clostridiales,Lachnospiraceae,Faecalicatena,na,0.010111101,0.0035564427,0.020366551,0.002388361,0.05613622,0.0015190718,3.091632e-05,1.5386706e-05,0.010896801,0.001330703,0.00090580253,8.438792e-06,0.8112382,0.031666584,0.0043173837,0.0014932742,0.0049098404,6.197858e-05,0.0004090772,0.0012717203,0.0069726673,0.14249673,0.0060519343,0.0004287911,7.145708e-06,0.006229592,1.5583122e-05,2.2018394e-05,0.014704474,0.01582931,0.0010904793,0.00012803561,0.013897292,3.3723136e-05,0.0023665312,7.078302e-05,0.005275305,2.0676756e-05,0.001401171,0.00025814815,0.015399193,0.005890252,0.00450879,0.008806867,6.598087e-05,0.008094641,0.0025971057,0.018266995,5.8092123e-06,0.0026767969,1.8118082e-05,1.0296822e-06,0.005068673,0.002058392,0.013555144,0.00066434656,3.6366157e-06,0.00065307546,8.721376e-05,1.8649695e-05,0.0026390317,2.3463872e-06,0.0005285394,2.7669817e-06,0.00013720243,0.0028872008,1.289254e-05,0.0007619701,2.9452262e-05,1.2564254e-05,0.005111789,0.0027996714,0.0038516584,0.005528872,7.9165075e-05,0.00014412345
Otu37,Bacteria,Firmicutes,Clostridia,Clostridiales,Lachnospiraceae,Shuttleworthia,na,6.2788163e-06,0.00360033,0.026903238,0.000119545424,0.036994837,3.820734e-05,7.445729e-05,1.9459321e-05,0.00012392296,4.0654282e-05,1.3524982e-05,6.517261e-05,0.00842301,0.73056453,0.009495153,8.857923e-06,0.0036645208,2.3955727e-05,5.3878666e-05,0.0004512281,2.5680806e-06,0.108365096,7.948872e-05,2.7226537e-05,0.0007891785,0.00065967406,8.856465e-06,1.22406445e-05,4.059136e-06,4.5658286e-05,4.758491e-05,0.006077757,2.833377e-06,3.4149492e-05,0.0065952647,0.0013745942,0.014082735,1.1324547e-05,0.00022212515,0.0019359735,0.018890455,0.0002148371,1.4611169e-06,0.0136677325,0.013454372,0.00052858546,0.000914404,0.024723912,0.0002312242,0.00038212346,0.0003700928,0.00021956669,6.213393e-05,0.00059076113,0.0031511704,0.0027491034,5.9272385e-05,0.009412228,0.0011783742,2.7231039e-05,0.0015768684,8.212455e-06,0.00063330715,1.3331172e-06,0.0024533058,0.038095754,1.6763326e-05,0.019934481,7.2188463e-06,0.000676375,0.0012543886,0.014005712,0.0017083914,7.131729e-05,1.2881899e-05,0.0005224492
Otu24,Bacteria,Firmicutes,Clostridia,Clostridiales,Lachnospiraceae,Extibacter,na,0.007992218,0.00030125104,0.05589748,0.009803715,0.03230638,0.0022458131,0.015274882,0.0063675484,5.720047e-05,1.8547786e-05,0.0010832098,2.4365581e-05,0.0045116716,0.04914813,0.0043642474,0.0005727259,0.005357883,0.00019987822,0.00150156,0.000755583,6.395474e-06,0.12569855,8.5959604e-05,0.00027589605,0.004582537,0.0050512925,2.3492018e-06,0.00018782365,5.7427776e-05,0.002197464,0.0021543228,0.0037084122,4.6759505e-06,6.403006e-05,0.00043485095,4.2771342e-05,0.003329874,0.000645393,0.00011794053,6.7325486e-06,0.023741275,9.865101e-05,1.0361042e-05,0.019778313,3.4607077e-05,0.0013516549,1.535343e-05,0.08922604,5.7282297e-05,0.0019551718,0.0014615798,8.0052405e-06,0.0011382196,0.007214027,0.00012860978,0.00074330985,6.9175967e-06,0.014563408,0.00013176848,2.00425e-05,0.0041507506,0.00054260524,0.002114939,3.2606179e-06,0.002583861,0.12295383,1.2861777e-05,0.00803184,1.0605032e-06,0.003304644,0.0064655305,0.0099083185,0.8336213,0.007907502,1.2137059e-05,5.7818877e-05
Otu15,Bacteria,Firmicutes,Clostridia,Clostridiales,Lachnospiraceae,Eisenbergiella,na,0.01565484,0.008216437,0.0026158665,0.00012762663,0.054524235,0.0010585642,0.00016548399,0.0023169022,0.0034163063,0.00017751135,0.0051199007,0.00022800924,0.0065642362,0.0033248574,0.00033807917,4.6874743e-06,0.000982988,0.0015573371,0.00012457246,0.0036909438,0.010548599,0.0059370464,0.0035650625,0.9152304,0.0014540381,0.00015840952,0.0002616698,0.004228961,5.48125e-05,0.01018948,0.0054408805,0.0023871704,0.015668299,9.618428e-06,0.0013364418,0.00020033214,0.00069277466,0.002214608,0.00020094126,9.056439e-06,0.012880137,0.0007420683,0.00017054596,0.011319121,0.0012416795,0.004226539,7.353387e-05,0.01644275,0.00571879,0.006615445,0.008042762,5.126768e-05,4.392735e-05,0.000103899714,0.0062133665,0.00036907019,1.9259394e-05,0.0023111873,0.0011152235,2.0562184e-05,5.972391e-05,8.518186e-06,0.0009570096,2.4994006e-05,0.018283345,0.004442061,5.2759815e-06,2.090714e-05,4.925449e-05,0.064305425,0.0020549814,0.01750732,0.0008182826,0.0016117155,0.0054672314,6.2353545e-05
Otu22,Bacteria,Bacteroidetes,Bacteroidia,Bacteroidales,na,na,na,3.2678323e-05,0.00033957374,2.2459672e-05,0.0026276505,3.6704845e-05,1.0826693e-05,0.00039510647,2.4516727e-05,0.0032342582,1.7030683e-05,7.3312153e-06,0.0004358446,9.490221e-06,1.5096796e-05,1.3005114e-05,2.8275626e-06,0.023349343,4.0808904e-05,7.8084406e-05,2.4767514e-05,5.4415495e-06,2.1775086e-06,0.00017639717,9.128605e-06,4.3800745e-05,8.692049e-06,5.4670863e-06,0.00056434673,6.5145105e-05,0.00041033345,0.00012107392,0.029164804,1.1377594e-05,0.00085060246,2.0109335e-05,6.653471e-05,2.6815822e-05,0.059751764,0.01761938,5.5311875e-06,3.142248e-05,0.0031531542,2.2290711e-05,0.00031846965,0.0001283852,6.8708476e-05,0.00022522229,3.404653e-06,0.0067133047,0.006928452,2.3330354e-05,3.3717657e-05,0.0002384107,1.38265805e-05,3.2372022e-06,2.3795157e-05,0.00012601318,1.5001788e-05,1.3772438e-05,1.14336035e-05,0.002267692,0.641504,0.00020897262,4.895832e-06,0.0009502778,0.003684219,1.864994e-05,9.1105985e-06,0.0006983464,1.3971249e-05,0.0003829933,4.1689447e-05,0.0050611496,7.402358e-05,7.849321e-05,0.0015206604
Otu14,Bacteria,Firmicutes,Clostridia,Clostridiales,Lachnospiraceae,Enterocloster,na,2.2339533e-05,1.3472959e-05,0.019933267,0.0013512088,0.008049446,0.00023320992,0.0070510074,0.0007436999,1.6932503e-05,0.0028226934,4.942013e-05,0.86129886,0.0092916,0.008481731,0.00030038686,0.0037682184,0.001985606,5.789024e-05,2.467765e-06,0.020809883,0.001174773,0.027915118,7.2367466e-06,0.004204645,0.007006963,0.0037951285,0.011518838,1.6100124e-05,8.279807e-06,0.0019400606,2.292789e-05,0.0070920815,0.074420385,6.006984e-05,0.001269645,0.0010744636,0.0053533963,0.021637497,6.425912e-05,4.927264e-06,0.023943309,5.2873314e-05,0.004220834,0.01667695,1.8436982e-05,0.00010119045,0.010666484,0.12575163,1.6586842e-05,2.179055e-05,1.1137898e-05,0.00043371218,0.0012577418,0.0027475918,0.037915062,0.09930999,3.287817e-05,0.0029219377,0.0024031946,9.219308e-06,0.013024298,1.1678554e-05,0.005680427,0.001679963,0.004523742,0.015845383,2.977144e-05,3.3324584e-05,0.0004267036,6.1169308e-06,0.002808963,0.0012936892,0.0010272764,0.0068304404,0.0005354462,0.00436046
Otu30,Bacteria,Firmicutes,Clostridia,Clostridiales,Lachnospiraceae,na,na,1.4447048e-06,3.5188034e-06,1.4057771e-05,0.0010333075,0.00070473,9.663001e-06,6.7401146e-05,1.4757127e-05,2.472628e-05,4.8511665e-06,3.0674655e-05,3.0509507e-05,0.004505181,0.001144711,0.0015360876,8.2856883e-07,0.00072401704,0.00029379092,1.6723274e-05,9.336787e-06,3.3632285e-05,1.350942e-05,6.6984967e-06,0.0033779615,0.011622093,1.187834e-06,0.0019339558,5.8122438e-05,0.00015925318,0.00017751906,0.92636925,0.0012284721,0.0004938574,2.2472592e-05,7.2718544e-06,4.1658757e-05,3.2693308e-05,7.2017265e-06,4.4848883e-05,1.6541384e-05,0.0008886721,0.0006722835,5.1403563e-06,0.002463422,0.00010892223,8.543927e-06,5.4602415e-06,0.0015041603,2.7233114e-05,1.666675e-05,5.083462e-06,0.0001271865,1.2266334e-05,1.6355598e-05,0.00014123837,3.458743e-05,1.3642727e-05,0.0010684162,0.00014032608,1.0093835e-05,1.1550051e-05,2.6114863e-05,0.000108749904,8.8484985e-06,5.0156774e-05,0.0059946952,0.00012905526,0.00031546736,0.0017308405,8.868547e-06,5.7371795e-05,2.6280693e-05,1.4771682e-05,0.0043677287,0.00010710074,0.0038614466
Otu104,Bacteria,Firmicutes,Clostridia,Clostridiales,Ruminococcaceae,Flintibacter,na,0.0005513578,6.101282e-06,0.00030853393,5.167811e-05,0.0011153736,0.0030790847,1.7859866e-05,7.370055e-05,0.0016533585,1.0413755e-05,2.3513938e-05,1.4493169e-05,0.005351686,0.0018719571,0.0018734877,3.8569495e-05,0.0041192533,3.3171439e-06,2.681764e-05,0.00019903375,0.000588742,0.000965298,0.00015155063,3.6378377e-05,0.0029727283,0.0015019453,5.7973677e-05,1.6177819e-05,5.9769536e-06,1.2055327e-05,4.9030987e-05,0.00030897497,4.048427e-06,6.491284e-05,5.4934437e-05,3.2996206e-05,0.00071187556,9.154889e-06,2.2843915e-05,1.21460325e-05,0.0170013,6.952423e-06,1.1208206e-05,0.0018982436,1.4806508e-05,7.1436865e-05,7.4233503e-06,0.019213306,1.1762797e-05,0.00030159837,0.002462194,3.0095372e-05,0.00019793595,0.00015826023,7.215793e-07,0.00015862646,1.8430227e-06,0.001008977,0.013828308,2.5661582e-05,0.000105266205,1.17886175e-05,3.6514964e-05,2.2142745e-05,0.0014642952,4.6136056e-06,4.1791674e-05,4.0865816e-05,4.399699e-06,0.00018310377,0.00078396226,0.008873987,9.190758e-05,2.3608147e-05,0.0009525291,3.5639085e-05
Otu76,Bacteria,Firmicutes,Clostridia,Clostridiales,Lachnospiraceae,Muricomes,na,1.6885906e-05,7.5490734e-06,0.0007127381,0.00066557043,0.0036305413,8.191937e-05,0.019326562,1.3791329e-05,6.333526e-05,1.7874097e-05,1.0560172e-05,6.39837e-05,0.008742771,0.0042296126,0.005513875,0.0035926409,0.005381588,0.0010861441,1.4833629e-05,0.0015957517,1.0540492e-05,0.018233355,4.3277112e-05,6.430508e-05,8.051793e-06,0.0009566508,6.192986e-05,9.851339e-06,0.00016229152,0.0005872984,2.0858768e-05,0.0002126448,2.0047744e-06,0.0003217373,0.004127774,8.5764705e-06,0.013763779,1.923835e-05,0.0014334352,8.8034176e-05,0.0029446685,2.3880764e-05,6.0395037e-06,0.0013543778,2.5111935e-05,4.6252494e-06,1.3313644e-05,0.015343566,2.558491e-06,5.212792e-06,1.7258948e-06,6.313647e-06,8.06325e-05,5.2486062e-05,3.550512e-06,1.6089634e-05,4.9011935e-05,2.196123e-05,0.0006727602,7.3815822e-06,2.7083397e-05,3.041531e-06,0.0016112616,7.883122e-05,0.000102756436,0.0017691124,1.410171e-05,0.7367776,1.1554965e-05,8.782647e-06,0.013166884,0.00038972852,0.0022543059,0.00024311937,0.0066522183,1.2220537e-05
Otu100,Bacteria,Firmicutes,Clostridia,Clostridiales,Lachnospiraceae,na,na,1.7865406e-05,3.6332317e-06,0.000984561,1.5351502e-06,2.8954406e-05,1.7026736e-05,2.0401238e-05,1.1431102e-05,1.6558444e-05,4.1457524e-06,0.0024895521,0.00089365005,9.907013e-06,6.0260798e-05,8.771527e-05,0.0002488096,2.0819194e-05,3.417163e-05,8.1768405e-05,3.0802512e-05,7.43517e-06,7.571564e-05,3.2253916e-05,3.604162e-05,0.00016282956,1.9130342e-05,0.00097046135,2.627441e-06,2.327517e-05,9.1438174e-05,7.41349e-05,2.7524286e-06,0.0075955777,0.0005756317,0.00077950134,2.3033659e-05,7.500695e-06,4.518857e-06,0.0014867937,6.955809e-06,0.00040347732,2.0233256e-05,1.1453916e-05,4.876825e-05,4.7011923e-05,0.00026200362,1.7985021e-05,7.330166e-06,7.9432706e-05,8.323729e-06,2.130589e-05,1.2680022e-05,1.903387e-05,6.6465223e-06,3.7138832e-07,2.6485384e-05,2.644684e-05,0.00033955637,8.315984e-06,2.8881024e-05,4.051676e-05,1.3564018e-06,2.3255188e-05,2.6527428e-06,2.2501195e-05,6.455207e-06,4.5817455e-06,3.6828442e-06,4.302118e-06,2.5348654e-05,9.2206144e-05,8.305981e-05,6.188451e-05,0.00014916399,1.7051949e-05,0.0034716865
Otu13,Bacteria,Firmicutes,Clostridia,Clostridiales,Lachnospiraceae,na,na,8.64884e-06,0.00032448446,1.9232992e-05,0.004480349,0.0010978321,2.0719315e-05,6.9457406e-06,0.014158172,0.00078357995,0.0011744511,0.009371815,2.5413947e-05,0.0006349027,0.000109411434,0.0013662918,0.03367541,0.00064408465,1.8346782e-05,1.1391216e-05,0.0010600075,0.016956275,1.2925739e-05,5.2105275e-05,0.012950735,0.0059670615,0.0014056512,1.0854355e-05,4.9932372e-05,0.0048590815,0.0051709795,1.3094902e-05,1.5962145e-05,0.0009483572,0.0017117928,0.0119902175,0.002694656,0.004421091,0.0009348822,0.000103129554,1.05649715e-05,3.945772e-05,0.0024470175,2.700182e-05,0.0075518833,0.0049726446,0.83095187,0.0013888539,8.326304e-06,0.00017855817,0.0035336278,1.5541195e-06,0.00022141606,0.0006638315,0.014736979,0.030468406,0.0009822012,8.894623e-05,0.0014452265,0.0021999732,0.0001232213,0.004815111,3.7428708e-06,0.00023949804,1.7272108e-05,0.0057022735,0.0007812414,2.6492892e-06,4.7477835e-05,0.001335813,0.0003613863,0.0012783195,0.0029704522,0.00041222127,0.0005345498,2.2056005e-05,0.0032343012
Otu90,Bacteria,Firmicutes,Clostridia,Clostridiales,Lachnospiraceae,Marvinbryantia,na,0.0049007307,0.0066444688,0.0036275843,0.0014998396,3.2600885e-05,0.0015123906,0.001884799,0.00031854655,2.9687724e-05,8.269338e-05,5.4414166e-05,0.0012480175,0.0025744415,0.00044782323,0.0018981295,0.0063319644,0.00088449847,0.013929485,0.0012507446,0.0020683745,4.8885076e-06,0.0038766307,0.00032693942,3.1545766e-05,2.1690304e-05,0.00075750746,8.044478e-06,2.5351404e-05,0.00012235051,0.0003637026,0.0006458538,0.006423258,4.7191816e-06,1.57318e-05,2.5469917e-05,0.0007853103,2.9757288e-05,0.018656323,5.2364598e-05,3.901861e-05,0.003606736,3.7328646e-05,0.0038782633,0.0002950271,5.5200413e-05,1.355139e-05,7.1003865e-06,0.0011666693,0.0026598023,0.59870416,0.004170928,1.4786847e-05,0.000114861534,0.0006169251,5.6926065e-06,2.3914046e-05,0.0008794931,0.00033731994,0.0005851157,2.1413774e-05,9.011696e-05,5.3827785e-06,0.00033389017,3.0047388e-06,3.3956934e-05,2.178618e-05,3.1693485e-06,0.01210719,8.304434e-05,0.0018457419,6.4962633e-06,0.00050721254,0.0009998977,0.001196157,0.00053242495,1.0488758e-05
Otu33,Bacteria,Bacteroidetes,Bacteroidia,Bacteroidales,Porphyromonadaceae,Porphyromonas,na,1.7445647e-05,8.52533e-05,0.0020020024,0.017024659,0.0005174431,4.0670166e-06,0.0018182386,0.00054538174,3.395376e-05,8.0536876e-05,0.000103973885,0.00044465644,0.00492539,0.0018122238,1.0209934e-05,0.0053612445,0.0016476668,4.6618563e-05,0.00082788186,7.826484e-06,4.1698618e-06,0.009938947,2.0234751e-05,0.00039115027,2.2103557e-05,0.0024954658,0.000640411,0.00021729448,0.0013634785,2.2529899e-05,1.3231606e-05,4.918384e-05,0.0002967136,0.011396096,0.004375583,2.632775e-05,0.00094700913,1.4368254e-05,0.86003953,1.2440485e-05,0.0018552841,7.052684e-05,1.1365075e-05,0.004920679,3.8726754e-05,3.9447173e-06,1.9601786e-05,0.13226956,2.9368754e-05,5.4656037e-05,0.00016739701,9.812557e-06,4.749321e-05,0.00068944244,1.0489955e-05,0.0001087561,5.260834e-06,1.1772096e-05,9.638012e-06,0.00068097434,0.002645667,0.080541044,0.009173547,0.00011956427,0.000107230444,0.0037126453,7.684437e-05,0.00014241308,6.448853e-06,1.236484e-05,3.9726997e-06,0.02844876,0.005847347,1.2440014e-05,0.0005230611,0.0002431129
Otu50,Bacteria,Firmicutes,Clostridia,Clostridiales,Lachnospiraceae,Enterocloster,na,0.009057777,0.004827492,0.009458991,0.0030602491,0.017326953,0.0049635954,9.844037e-05,0.0017370635,7.3968545e-06,4.5472232e-05,4.3274453e-05,0.0007617324,0.0009061817,0.015688237,0.0009399994,2.2026805e-05,0.0032254672,2.8852144e-05,5.219535e-05,0.00024210682,1.3488819e-06,0.022337494,0.0053684623,8.57841e-06,0.0018631347,0.0006713391,5.049865e-05,7.110051e-05,0.00029489698,0.0038314126,5.872725e-05,0.011259545,6.3384696e-06,2.4769244e-05,0.012400949,0.0012387126,0.00051113556,0.008605211,0.00038859382,3.580443e-05,0.0033628722,0.007933616,0.01653783,0.0040106107,7.990772e-06,1.10315e-05,0.00044046983,0.0023329426,7.7766665e-05,0.0055868784,0.02121334,1.6221478e-05,0.003470881,0.0005796846,3.943326e-06,1.5086372e-05,8.768219e-06,9.602275e-05,0.9056506,3.4534267e-05,0.0029008193,1.176326e-05,0.0063710865,1.8717299e-06,0.0005463678,0.0007247254,5.41295e-05,0.004035795,2.1849407e-06,0.00047166753,0.0003430876,2.1936847e-05,0.0013726336,1.2861479e-05,0.0004058396,0.00052429776
Otu12,Bacteria,Actinobacteria,Coriobacteriia,Eggerthellales,Eggerthellaceae,Adlercreutzia,na,0.0017944047,0.00095058413,0.0037806353,0.0010786109,0.0009911258,0.0005437717,2.097662e-05,1.1543578e-05,0.004702193,0.00026745375,0.0021935466,0.0008052314,0.0032016977,0.00503749,6.430871e-05,0.0028000162,0.015902156,3.5178282e-06,0.0022096059,0.00084337656,0.0010164622,0.0001869316,0.0056616617,0.006312166,0.004158774,0.00032363806,0.0019665535,0.0031299433,0.06499162,2.9347057e-05,3.006475e-06,0.002907556,0.028785866,3.5650126e-05,5.6216955e-05,0.9457491,3.6289934e-05,0.13404872,0.0024136545,3.5237e-05,1.4938244e-05,0.0097493185,3.8157245e-06,0.004693174,0.0001558264,4.3295273e-05,2.211535e-05,0.0032471197,0.015984269,0.029357236,0.0039333687,1.0674402e-05,0.0067024664,0.00020461516,0.0070980256,0.0032328854,1.7650153e-05,3.8815906e-05,5.3588465e-05,9.999994e-06,0.009912083,4.5223137e-06,0.0012063954,0.01392013,0.0041989307,0.0048263613,2.0032961e-05,0.0060182856,0.0012759198,0.00031315582,5.273908e-05,2.2812625e-05,1.4663354e-05,0.0010741015,8.0165875e-05,0.00012750523
Otu11,Bacteria,Actinobacteria,Coriobacteriia,Eggerthellales,Eggerthellaceae,Adlercreutzia,na,4.226486e-05,0.003253119,0.00010227944,0.046115626,0.0015938637,4.0292216e-06,0.00030902066,0.0006368744,1.4113917e-05,0.0026018135,0.82301915,6.933235e-05,0.000860912,0.0028421865,2.6158077e-05,1.716287e-05,0.003115685,9.656326e-06,7.307393e-05,1.414977e-05,0.009656481,0.007543218,2.3823408e-05,0.0055817184,0.00013847661,1.0343373e-06,0.0004520395,8.36957e-06,0.0011681546,0.009223213,0.00010206897,0.00063788117,0.06962001,0.00024482666,0.0005088611,0.0015397544,0.007162235,8.824446e-06,0.0056072394,2.9961602e-05,0.014411921,0.0013971374,2.6011253e-06,0.003447079,0.008261082,0.0067750625,0.00075347384,0.004151222,0.003082056,1.48681e-05,5.644433e-06,0.00012466109,2.137649e-05,0.017575333,0.048974447,0.0027372001,0.00063182344,1.4523172e-05,4.659125e-05,6.71166e-05,7.4956515e-05,1.4882348e-06,0.006688058,0.0022258419,0.007842761,0.019010004,1.0185017e-05,7.923235e-06,0.008942799,1.8189756e-05,0.00092326646,7.236478e-05,7.385369e-05,0.0038139287,0.0012076921,0.00011558324
Otu32,Bacteria,Firmicutes,Clostridia,Clostridiales,Lachnospiraceae,na,na,0.024144871,0.00822405,0.0020895165,0.0019305405,0.06797032,0.00013596257,0.01366102,2.4834555e-05,2.3511906e-05,2.2303751e-05,0.0010148712,0.0006020934,0.0052904417,0.008127255,0.02949447,0.0025234898,0.0076667774,0.03805079,0.000119161276,2.9189998e-05,1.4923011e-05,0.01787924,0.0010704071,0.0023169187,6.337182e-05,0.00014141948,0.0008477124,0.011442187,5.0698112e-05,0.0019791797,1.1905885e-05,0.0061465683,7.221026e-06,0.002539673,0.017872363,4.0492156e-05,0.013899764,7.4995274e-05,6.5647323e-06,2.3756096e-05,0.012188877,0.0021560404,0.0062993667,0.035047196,4.9595707e-05,4.5160577e-05,0.00046284974,0.015233123,5.505224e-05,0.045267157,0.032142013,2.7991577e-05,0.0027911912,0.00011683318,0.0007249174,6.7177425e-05,1.208523e-05,0.78499854,5.7485788e-05,3.740014e-05,0.0010508952,6.521578e-06,0.0038291742,0.0015679868,8.354282e-06,0.002147859,3.0134503e-05,0.03788184,1.8398432e-06,0.0068520135,0.005036777,0.02348199,0.0015732833,0.023099655,0.0026474262,0.00064533035
Otu58,Bacteria,Bacteroidetes,Bacteroidia,Bacteroidales,Dysgonomonadaceae,Dysgonomonas,na,5.361529e-06,0.00109733,0.0620805,0.0019135406,1.528254e-05,6.9196662e-06,8.757739e-05,0.00058520044,8.533023e-06,3.2613996e-05,0.0014400347,0.0007501575,0.00015091279,0.00081952335,1.5773421e-05,0.0004010794,0.0010258906,0.00033084638,4.139855e-05,9.356308e-06,0.00040062141,0.009705387,5.143444e-06,0.00043168908,1.4775507e-06,9.318326e-06,4.162547e-05,2.502775e-05,1.21857765e-05,3.63381e-05,0.0011872376,0.0019025432,1.4712562e-06,0.0021008807,1.1511062e-05,1.6206019e-05,1.4194397e-05,6.7713563e-07,0.00041310978,5.3463802e-05,0.0023776575,8.055731e-05,0.00010856587,0.0062751193,4.3825574e-05,0.00010809382,0.00076144724,0.004289242,6.1843402e-06,0.002369147,4.2528636e-06,2.1983707e-05,0.00010197064,4.4629556e-05,0.00022603398,0.0007885539,3.266945e-05,0.00058926735,4.2413158e-05,8.37862e-05,3.877938e-05,0.004205118,2.516251e-05,1.0769201e-05,1.0422784e-05,0.011409259,0.00027373442,1.4098733e-05,2.9308899e-06,1.537516e-05,4.1240757e-05,0.0075557185,0.0019710036,0.0005373764,0.0024639065,3.883433e-06
Otu107,Bacteria,Firmicutes,Clostridia,Clostridiales,Lachnospiraceae,Johnsonella,na,1.2315598e-05,1.35289165e-05,0.00091981643,0.00036773557,1.1685847e-05,1.3255885e-05,0.0016869294,1.7985278e-05,4.2939013e-05,1.215605e-05,0.0001965856,0.0001386698,0.00026536032,0.0046461797,0.0040575154,0.009138674,0.0012862415,0.00013725329,2.1212294e-05,1.8544917e-05,2.0138566e-05,0.008581265,8.389375e-05,3.5687823e-05,1.4932342e-05,8.7786157e-07,2.4036264e-05,2.2369315e-05,5.5969454e-06,0.001827699,0.0007197764,6.5463037e-06,1.0010402e-05,7.935513e-05,0.0014233596,4.192447e-05,0.00095109147,2.376392e-05,0.009852703,5.015706e-05,0.0076409923,9.77691e-05,3.6427055e-06,0.0028983399,2.3142231e-05,2.9486459e-05,0.00030380097,0.0095517235,0.00014622093,3.35178e-05,2.4923867e-05,5.3116573e-06,4.3150987e-05,0.0034500079,4.1411102e-05,8.235637e-06,5.7499085e-05,0.00030037458,0.0013353825,1.6914008e-05,1.8646162e-05,8.773944e-06,0.00084957946,1.4274995e-06,0.0008608742,0.0012800323,1.1190081e-06,6.266297e-05,3.3985918e-06,6.3536904e-06,0.0009539241,0.001153184,0.00031071153,0.004781667,1.9605177e-05,2.533884e-05
Otu67,Bacteria,Firmicutes,Clostridia,Clostridiales,Lachnospiraceae,na,na,5.6685036e-05,0.0036146732,0.005598663,0.00061968394,0.0014646439,0.00057200174,0.0020808775,3.322229e-05,7.5042426e-06,2.6549153e-05,0.0014396219,0.00023941994,0.0006227074,0.0014527311,3.918155e-05,1.1885126e-06,0.006097667,0.7421298,6.549846e-06,0.001769862,0.0008213091,0.004473583,0.006060641,0.0029810418,0.00016848945,0.00010947777,1.9134071e-05,0.00020628115,1.2184209e-05,3.599883e-05,9.408066e-05,0.001694632,0.0001295485,4.2862073e-05,0.018786673,0.001286005,5.126484e-05,0.0028586544,0.006697004,3.3445278e-05,0.0017464863,0.0066779074,1.0036556e-06,0.00034881808,0.0033553867,7.6723125e-05,7.815715e-06,0.002853402,1.5743455e-05,0.0043037827,0.007443426,4.5493493e-06,0.00016625537,1.0666648e-05,0.00022878904,0.00014159453,0.0001332454,0.005084729,8.4553445e-05,0.00015634554,0.0001458426,8.847828e-06,0.00022001966,0.00026573383,0.00021227013,6.0770967e-06,0.000111416615,0.005180512,4.8750876e-06,0.00595305,0.0031573651,0.0009719575,0.00038467484,9.445605e-06,0.0027661817,2.675251e-05
Otu8,Bacteria,Bacteroidetes,Bacteroidia,Bacteroidales,Muribaculaceae,Duncaniella,na,0.00057799224,8.418572e-06,0.44579834,0.01660986,0.013757482,1.9274583e-05,0.008247183,0.03086401,0.008732043,7.106747e-06,0.010479697,3.697482e-05,0.0050072204,0.004590122,0.008557239,4.900483e-05,1.0781353e-05,8.768848e-06,2.9200557e-05,2.8729311e-05,0.009859592,0.031465076,1.6715792e-05,0.0001593504,0.009915196,0.0035465758,2.6994432e-05,0.0004455531,1.6649217e-05,0.00020936456,0.00037271704,3.6533667e-05,0.002276627,0.9558921,0.013276544,3.9067996e-05,0.039605863,0.00010051682,0.017145524,1.3613385e-05,0.040368546,0.005796209,3.5965557e-05,0.04017235,0.00013353616,3.37737e-06,0.02853172,0.03582591,0.0010196284,0.0057238718,3.3445303e-05,0.0010068711,5.006476e-05,0.0049816486,0.0008574522,0.0075804517,1.4713679e-05,0.0024582774,0.00014703607,6.0562434e-05,0.0028742705,0.24440372,0.01039112,1.3348519e-05,0.00038746122,0.09830694,6.3423075e-05,0.009960266,2.0700143e-06,3.979133e-06,0.0047682812,0.005365341,0.0015478339,0.008666573,0.0030528586,0.00032119072
Otu54,Bacteria,Firmicutes,Clostridia,Clostridiales,Ruminococcaceae,na,na,7.881064e-06,2.1099497e-05,0.0014975956,0.00072179706,0.06400424,0.00032775372,0.00041480293,5.7410552e-06,0.00010693572,3.5012374e-05,0.00037234518,3.5863857e-05,0.00976267,0.016684892,0.0103229,2.8689994e-06,0.0017845868,0.0030338177,3.0278614e-05,0.00035111562,7.275986e-05,0.025161507,4.3767417e-05,0.0021658614,2.8749977e-05,0.00016419379,1.5736614e-05,0.004027245,2.0898685e-06,0.00019351886,4.1502135e-06,0.0063885953,9.985936e-06,0.00035260036,5.9345944e-06,0.00011330981,0.80118364,1.8509794e-05,2.3518673e-05,9.130234e-05,0.060900107,0.006924024,0.0017684068,0.010441898,7.4106916e-05,2.3448221e-05,2.4414343e-05,0.101052225,6.6210836e-05,0.013607593,4.286489e-06,2.9330695e-05,8.5116535e-06,8.046132e-05,1.6244225e-06,0.00035194194,0.0001839732,0.005988447,0.0004513796,1.9475758e-05,0.0017765893,4.9549244e-06,0.0067595006,4.1158823e-05,0.0009722379,0.0034178474,7.172742e-06,3.7015612e-05,1.0516324e-06,5.208374e-05,0.0001386699,0.050171368,0.0030026294,0.002220701,0.0030051172,5.751648e-06
Otu36,Bacteria,Firmicutes,Clostridia,Clostridiales,Lachnospiraceae,na,na,0.005355202,0.0016839274,0.0055978997,0.000109220025,0.013647275,0.002503419,0.0063894656,0.00087807444,1.2468942e-05,6.908408e-05,0.0002984283,0.00015400181,0.002052226,0.0060757557,0.008379043,0.0057100826,0.011109788,0.0025557028,0.00010583918,0.0063062846,0.0013360092,0.041257642,9.821286e-05,0.0022350056,0.0022855627,0.009494665,2.9960877e-06,0.002091952,0.000143084,0.00014802752,0.00041300262,0.0013763044,1.6913189e-06,1.3973018e-05,0.0024130088,2.6324615e-05,0.00045126336,4.420982e-06,2.056269e-05,7.987848e-05,0.014663118,0.0035673599,8.454332e-06,2.5058056e-05,3.809704e-06,0.0003948412,8.8796905e-06,0.034695722,0.0028106594,0.003417813,0.0023776568,0.0030092418,0.0005670152,0.0022684794,0.0003638938,0.0045270575,0.0001030118,0.0046645524,2.9023286e-05,2.0177209e-05,0.00027422345,4.9367156e-07,0.00012648651,1.6956759e-06,1.7863109e-06,0.006988772,5.8747682e-06,0.0052251383,5.622569e-06,0.0067187534,0.84814453,0.007542551,0.011109111,0.008731398,0.00070424005,3.6024816e-05
Otu55,Bacteria,Firmicutes,Clostridia,Clostridiales,Ruminococcaceae,Acutalibacter,na,0.0003869713,5.569088e-06,2.787782e-05,0.0021844888,0.00064182794,0.00037967687,7.839438e-06,0.0004804479,1.5363177e-05,0.00018069372,0.00062856596,5.49681e-05,1.6282796e-05,6.3558255e-05,0.00011226693,0.017828694,8.046706e-05,2.2442384e-05,0.0004741316,1.3875493e-05,3.8643775e-06,0.0049138255,1.1988327e-05,0.0005484238,0.8459241,2.5811632e-06,0.005761567,0.00054864335,0.0063339025,0.000629889,0.0026697135,5.3095075e-05,2.9622614e-05,0.00037347386,0.0022985677,0.00010981096,1.5754063e-05,6.290881e-06,1.0252877e-05,1.9405556e-06,1.00322195e-05,0.0008940196,6.166409e-06,0.00027251308,4.5109346e-06,7.247825e-06,1.1799487e-05,4.640128e-06,1.5305719e-05,1.858353e-05,1.9713974e-05,0.00040744944,0.00047192,0.006547179,1.1837669e-05,0.0037566759,4.8387923e-05,7.827546e-06,2.7087244e-05,0.00037849083,0.0023178807,7.751175e-05,0.009173644,0.00021609181,8.559835e-05,0.006248817,1.834627e-05,2.2425103e-05,3.584485e-05,1.0762509e-05,0.00020412315,6.7378005e-06,0.0054096067,9.246265e-06,0.005412224,3.997792e-05
Otu93,Bacteria,Firmicutes,Clostridia,Clostridiales,Lachnospiraceae,na,na,0.0030166414,0.0018310158,0.00013773917,0.0029640011,0.000780106,0.0036643909,4.870954e-05,0.0030259455,8.2005745e-06,1.081299e-05,1.9654164e-05,3.6419355e-05,0.0044039735,0.00027523428,0.00031453234,1.7459574e-06,0.0015088446,3.5391913e-05,0.00059442414,1.3183906e-05,8.47261e-06,0.00047503636,0.0028881512,0.00048714524,2.3519064e-05,9.235968e-06,3.8685183e-05,1.1347725e-05,0.0013686361,2.305233e-05,0.0008554463,5.069407e-05,2.747349e-05,5.3333524e-06,1.1316983e-05,1.2212172e-05,7.328539e-05,0.0007342451,1.5823214e-05,4.582604e-06,0.0021709672,0.000387753,1.0679232e-06,0.0016369564,0.00021334336,8.84353e-05,1.2575843e-05,0.017431982,0.0007033523,4.673414e-05,0.003510785,6.1238825e-05,2.5052308e-05,0.00010996574,8.164674e-05,6.4442647e-06,0.00064302643,0.01149386,1.4372775e-05,9.61612e-06,5.891129e-05,2.2024049e-06,7.4430165e-05,7.1753475e-06,1.6782977e-05,2.2477232e-05,0.00015942504,0.0001730758,1.9356443e-05,0.0047031264,0.0026579844,2.3862442e-05,9.857508e-05,0.00013199139,7.236342e-05,7.4448467e-06
Otu1,Bacteria,Firmicutes,Bacilli,Lactobacillales,Lactobacillaceae,Lactobacillus,na,5.6628173e-06,1.1409157e-05,0.0024838527,0.00912618,0.015758911,2.12509e-06,0.0061797383,0.05001856,0.15232593,2.9639674e-05,0.048977226,0.032164205,0.0024456084,0.0017938742,0.0061106915,0.6955294,4.3962944e-05,0.017194243,0.051065974,8.3145045e-05,0.010629828,0.02071805,0.020677982,0.004912402,0.0018847344,0.043831125,0.08586,2.6502274e-05,0.00013514391,0.00026845947,3.763199e-05,0.004721622,0.70230806,1.5059021e-05,0.012776527,0.0011500723,0.0022302319,0.24505655,0.0037593578,0.043444034,0.0040316866,0.0018002568,0.01645393,0.0056519285,0.014060724,0.027281871,0.009699675,0.00022395319,0.024824332,6.364243e-05,0.00016335427,2.344449e-05,0.035528198,0.00016088897,0.0003108477,0.057007756,2.5724945e-05,0.0125059085,0.0031467876,0.00012913001,0.03990238,5.798028e-06,0.040457875,0.50842935,0.02881967,0.44593763,0.99588084,0.0015198957,0.526234,9.1380825e-06,2.4523506e-06,0.012619522,0.0020468228,0.0069930465,0.0009717039,0.030554892
Otu35,Bacteria,Firmicutes,na,na,na,na,na,2.4379083e-06,8.370906e-06,0.0012816702,0.0022838525,0.019221395,0.00012968888,0.0002673726,1.0373829e-05,5.8075457e-06,1.0019607e-05,0.00013013369,0.0017424958,0.00019753314,9.644987e-05,3.1836214e-05,0.0087789595,0.0033489484,4.185323e-05,0.004400969,0.006519602,2.916913e-06,0.009065775,1.5069922e-05,1.7314725e-05,0.0044563254,0.0026808758,2.5498193e-05,3.221301e-05,7.8584795e-05,0.00072849996,9.056199e-06,0.010070315,0.0013091993,4.800695e-05,0.0002711239,4.8858565e-05,0.0015109614,0.0007722251,3.602479e-05,3.956371e-06,0.0050739804,0.0010899727,5.6642228e-05,1.1036649e-05,1.2363315e-05,1.3257611e-05,1.7021492e-05,0.00060660014,4.6658108e-05,0.0006218539,0.0009927654,3.5130386e-06,1.6594893e-05,3.3231092e-05,3.6048064e-07,5.7712197e-05,0.00634601,0.00011019997,0.016133446,5.1450234e-06,0.00017311212,4.886321e-05,0.7846704,0.0037346773,0.00038753808,4.7763406e-06,4.6383716e-06,0.00035839708,0.0009109848,6.97352e-06,0.0008010486,5.8624832e-06,0.005016615,2.1202124e-05,2.6051031e-05,0.0032827791
Otu7,Bacteria,Firmicutes,Clostridia,Clostridiales,Lachnospiraceae,Clostridium_XlVa,na,0.24149224,0.077900186,0.009780929,0.0062306994,0.102058604,0.017377835,2.4957746e-05,1.8331317e-05,1.2994405e-05,7.922772e-05,9.260846e-06,3.8299004e-05,0.0035624544,0.0044560363,0.00017286293,0.0031635673,0.008291621,0.025471134,0.029130757,0.031901553,4.5951933e-06,0.030808065,0.05548291,1.0773485e-05,0.00013258556,7.736871e-06,2.9891911e-05,0.028906995,0.006734811,6.247762e-05,1.5215942e-05,0.03382589,2.744726e-06,0.00089603517,5.5711578e-05,1.7463424e-05,0.007974263,0.3669056,0.0009226449,1.5958154e-05,0.008460293,0.009763084,0.17870834,0.043025654,0.00017455957,0.009429546,1.6446602e-05,0.0070309695,2.648835e-06,0.07097318,0.47184247,3.1806485e-05,0.00039876354,0.0030959,0.0042072097,0.00090227736,0.97251916,0.039103214,0.02060638,1.1584057e-05,0.0034523509,3.2273194e-06,0.015852971,0.00035075145,8.163577e-05,0.0039043375,3.912214e-05,0.0050649717,5.530115e-05,0.24661112,0.003639536,2.4422565e-05,0.007050597,0.0022835936,0.018187732,3.7540813e-05
Otu21,Bacteria,Firmicutes,Clostridia,Clostridiales,Ruminococcaceae,Ruminococcus,na,0.035122447,0.016615504,0.0055692494,0.06212788,0.027426617,0.0057263407,1.2332165e-05,6.6375924e-06,4.6542496e-06,0.00044377716,1.4789533e-05,2.2215241e-05,0.012026604,0.0025735374,0.0005969069,1.1028489e-05,0.0030754812,1.4594349e-05,0.0035747872,0.00027275085,0.0010477615,0.012745745,0.0011268723,0.009907141,0.0009719831,3.540258e-05,3.1285224e-05,0.00022073217,0.0054700016,0.8686196,0.00015306548,0.0019078115,6.4158565e-05,0.0054943566,1.4336998e-05,2.5036612e-05,0.008684806,4.5765128e-06,1.6312146e-05,0.0007081935,0.024522023,0.003060931,0.024752876,0.04882583,0.008312724,0.0021948419,1.0878712e-05,0.0016881714,8.80672e-06,8.5242704e-05,0.026572417,5.6518067e-05,0.0031869216,0.0038524836,3.820884e-06,0.0009224889,3.055548e-05,0.0033708666,0.0011636954,2.2870881e-05,0.0018693496,1.6188049e-05,0.0008497638,0.0034903332,3.104792e-05,7.246929e-05,1.6653332e-05,0.00012662532,8.47959e-06,0.012120547,0.0016079633,0.00075002795,0.002529062,3.125754e-06,0.003596225,0.00013397358
Otu74,Bacteria,Firmicutes,Clostridia,Clostridiales,Ruminococcaceae,Dysosmobacter,na,0.0024382095,2.172997e-06,0.0058179754,0.0005777607,0.056885537,0.00016091461,5.9025137e-06,5.3252803e-05,1.769821e-05,0.0005884078,4.260523e-06,1.5435904e-05,7.5879376e-05,0.006644225,0.0017874003,0.00024423373,0.0002945612,3.1932454e-05,1.2648248e-05,0.0040405435,9.094878e-05,0.010237469,0.00076139433,3.8824386e-05,2.5996167e-05,0.00018289422,4.1837233e-05,1.670104e-05,5.061953e-06,8.679786e-05,8.240779e-06,0.0050045354,1.465197e-05,0.00014136439,0.0038170752,3.4568417e-05,0.0047543896,0.00020959017,1.0996416e-05,3.1506035e-05,0.006384079,2.5885563e-05,5.49017e-06,0.00606301,0.00045948982,0.0002340353,6.2126506e-05,0.024098264,0.00045733302,0.0107260905,0.00031266198,0.00042614902,8.212326e-06,5.951853e-05,6.3646644e-06,0.00017313714,0.0001401412,0.0011284321,2.9164707e-05,1.579269e-05,0.00028007574,5.9910462e-06,5.200078e-05,1.2072638e-05,0.00019944909,0.00022664123,2.575624e-05,0.0017832731,0.00024796763,8.773237e-06,0.0041840835,0.6880505,0.02288063,2.5443445e-05,0.0006187793,1.5502446e-05
Otu101,Bacteria,Firmicutes,Clostridia,Clostridiales,Lachnospiraceae,Anaerotignum,na,0.003184706,0.00039414936,0.00019619596,0.00068615197,0.0005216923,6.340503e-05,2.1905418e-05,4.3293647e-05,2.6284815e-05,3.566196e-05,2.5036448e-05,9.327179e-05,0.00045774825,3.269119e-05,1.9751293e-05,2.3716066e-05,0.00012573398,0.0065372353,2.0500456e-05,2.7238084e-05,4.0831687e-06,0.00019041647,0.0007600695,2.6996433e-06,7.051945e-06,9.306151e-06,2.6277114e-06,0.0005964317,2.4865245e-05,0.0002838354,3.9967617e-05,0.0033946354,0.00016749592,0.00014965855,2.9683201e-06,1.0063072e-05,3.780791e-06,0.008797618,4.409617e-05,9.678446e-06,0.0006921064,0.0061121816,8.70936e-06,0.0031015011,0.00035426763,0.00015059384,0.00023118619,0.014585801,0.00010639888,7.04557e-05,0.005838817,1.1645757e-05,0.0056952466,5.6225934e-05,4.212684e-06,2.7152906e-05,8.2165614e-05,2.0709536e-05,6.4516e-05,1.3857189e-05,1.3331226e-05,7.480193e-06,1.5977737e-05,0.0005265192,3.994088e-06,2.0857017e-06,2.0216796e-06,2.4662108e-05,3.9294405e-06,2.8281988e-06,0.0023299616,8.739437e-05,8.679563e-05,1.0429101e-05,0.00025738677,0.00021549499
Otu122,Bacteria,Firmicutes,Clostridia,Clostridiales,Lachnospiraceae,na,na,7.336134e-07,8.040673e-05,0.00056998216,0.00014182406,0.00021498514,0.0004345648,1.2490499e-05,0.0031603535,3.6323414e-05,2.4070012e-05,4.5826064e-06,3.288665e-05,0.008788075,0.00042323198,0.0022441098,1.2781832e-05,0.0010271578,1.4033039e-05,1.9970541e-05,0.0010740599,1.8633798e-05,0.004914036,1.2035983e-05,4.6852278e-05,1.5117195e-05,0.0001504167,2.1054102e-05,9.039162e-05,2.4972494e-05,0.000577273,0.00059395266,0.0012559474,4.084501e-06,4.123908e-05,1.1973949e-05,2.1021966e-05,1.651303e-05,9.242588e-06,9.505689e-05,2.6703938e-05,0.008434377,0.00053799606,1.24448525e-05,0.002066059,4.451574e-06,0.00028678583,0.0014462302,0.0016844277,0.00012626832,1.2110029e-05,5.8022633e-06,2.6609778e-05,4.5771492e-05,0.00016484136,0.00015894175,4.143687e-06,1.5051978e-05,0.00011310371,8.289518e-05,3.1403135e-05,1.3773018e-05,0.0010275776,4.5871802e-05,0.00031768042,5.25563e-06,3.2080538e-06,1.0622848e-05,0.013163511,2.1627336e-06,6.055881e-06,0.0016468331,0.0010224906,0.00013437647,1.1453242e-05,2.207408e-05,7.5392774e-05
Otu43,Bacteria,Firmicutes,Clostridia,Clostridiales,Lachnospiraceae,na,na,2.7488002e-05,0.0017062054,2.6077536e-05,0.00015592347,2.8583052e-06,0.00014045037,0.00010029208,0.023268789,0.7510677,3.0859443e-05,0.005004504,0.0014674105,0.00016211683,2.9619e-06,1.6106567e-05,0.004127953,0.00014850986,3.0530239e-06,0.0056977896,4.2404076e-06,3.4133336e-06,8.4489693e-07,0.00016063657,0.00016219525,6.236797e-05,0.001194783,0.0070489473,3.7893828e-06,1.5530562e-05,2.7676622e-05,8.808223e-05,2.9855473e-05,0.0008633405,0.00014418445,9.132147e-05,0.00031549146,2.6061127e-05,5.799213e-06,3.3940978e-06,8.1775825e-06,0.00019268597,0.00074333325,1.8286837e-05,0.0011976823,1.8979325e-05,6.766848e-05,0.0040481584,1.7765532e-06,0.00080199866,7.375741e-05,1.1425232e-05,8.9891204e-05,0.0005555281,4.1073054e-05,2.3002307e-05,0.0008275441,3.9334038e-05,1.6420412e-05,3.0059732e-06,4.8791885e-06,0.004350655,3.798181e-06,0.0022473102,3.4515372e-06,1.6335407e-05,0.0023077745,1.060746e-05,0.000104298015,6.457386e-05,0.0032783395,5.5142616e-05,1.1725643e-05,1.5879743e-05,0.00038293927,0.00023176089,0.008634811
Otu16,Bacteria,Firmicutes,Clostridia,Clostridiales,Lachnospiraceae,na,na,0.0016433605,0.0041648536,0.0050350623,0.0059695616,0.00073963864,4.7545313e-05,9.355402e-05,6.323963e-05,0.004843385,0.0014640037,2.9130722e-05,0.0018316053,0.0029093297,8.52432e-05,5.025975e-05,5.3952732e-05,2.3953264e-05,2.2733662e-05,4.4759177e-05,0.025221335,3.326148e-05,0.0011474135,0.0053473827,0.0020507472,0.0018062134,0.00035873824,4.208462e-05,0.0019764926,0.03783327,0.0051036053,0.00019757528,0.0029537801,0.00082422927,3.628333e-05,0.002707268,0.0010895589,8.714848e-05,0.010127863,2.2936825e-05,9.400758e-06,0.0008210604,0.01930202,0.014398826,0.001166679,0.0019413071,2.4649524e-05,0.00010477995,0.0018924727,0.00060845405,4.175345e-05,7.016201e-06,8.222232e-05,0.00048777525,0.0044198898,0.017770654,5.3666852e-05,0.00033934007,4.2053936e-05,0.0001195607,4.3856282e-05,0.82500786,1.9367168e-05,0.0048999074,0.0017972686,0.0007067022,0.0008334076,0.00068694766,3.3019056e-05,0.0019327741,0.0044523594,9.5146774e-05,0.0033017509,4.3766424e-05,4.760981e-06,0.0008095552,0.00062520814
Otu26,Bacteria,Firmicutes,Clostridia,Clostridiales,Lachnospiraceae,Lacrimispora,na,0.012847622,0.0065242304,0.016768765,0.012654988,0.05373913,0.006914713,0.00017175773,7.0669676e-06,3.4222216e-05,0.0005014486,5.9068723e-05,0.0008030607,0.0027249758,0.010614537,7.665042e-05,5.2227915e-06,0.7792422,0.00086054363,0.005160542,0.0012642695,1.6215175e-05,0.13031723,0.0049394304,0.001717673,0.0021217836,4.066396e-05,2.0387508e-05,0.0004434511,6.332256e-05,0.0028791996,1.7345974e-05,0.008213313,3.7734665e-06,2.118765e-05,0.0018202557,0.0002941481,0.0020646092,0.011572683,1.7292567e-05,0.00015801708,0.021070074,0.0053747483,0.057679858,0.0073497263,0.006573473,6.3201376e-05,0.0007155714,0.06993463,0.00016585333,0.010662016,0.027352795,2.1366543e-06,3.3161326e-05,4.6835296e-05,0.0018488108,0.016272135,0.00015435142,0.009695402,0.00014287233,2.0801945e-05,0.013163782,1.7089956e-06,0.0018904541,4.5048502e-05,0.0044095255,0.032443907,1.5059156e-05,0.0047709206,1.1306475e-06,1.5877857e-05,0.024966717,0.03635699,0.009062445,0.003127958,0.0050118347,0.00088067807
Otu63,Bacteria,Firmicutes,Clostridia,Clostridiales,Lachnospiraceae,na,na,1.641004e-06,1.4326759e-05,2.9097087e-05,0.0001178557,4.8735465e-06,3.6938054e-06,0.0019392973,0.7982667,8.976637e-05,8.70135e-06,0.0001522006,5.6125336e-06,0.0001846814,7.919519e-06,8.236619e-06,0.0013609865,0.0004384502,5.355705e-06,9.432746e-05,4.29012e-05,1.326307e-05,3.9015606e-05,2.2459688e-05,7.542752e-05,0.0033646575,1.0214405e-05,6.3318e-05,6.969071e-06,3.0023832e-05,0.0012397752,1.4141879e-05,6.394602e-05,3.5644938e-05,9.980467e-06,0.0024600578,9.664333e-05,7.694109e-06,9.802397e-05,1.5475034e-05,2.6036752e-05,0.0020402307,2.5408823e-05,4.0721403e-05,5.3891e-05,0.0129949935,0.00066084845,9.266975e-06,2.4932929e-06,9.6139565e-06,0.00015556804,1.2963366e-06,3.2553115e-05,1.8875664e-05,0.005453169,1.7460125e-05,9.2255395e-05,0.00011551989,0.009126034,5.7909833e-06,1.6924381e-05,5.314802e-05,5.3034214e-06,4.1408333e-05,4.978762e-06,2.352097e-05,8.408629e-05,2.047919e-06,1.2697121e-05,0.00079248147,9.588558e-07,2.2778306e-05,8.0566235e-05,0.0023541122,2.5039166e-05,1.8170063e-05,7.147537e-06
Otu83,Bacteria,Firmicutes,Clostridia,Clostridiales,Lachnospiraceae,na,na,2.9976031e-06,2.6371517e-06,0.00016732134,0.0005824557,0.004796798,0.00129995,4.078425e-05,5.545644e-05,2.3235767e-05,4.0015562e-05,6.981871e-06,1.2164476e-05,4.060175e-05,9.369515e-06,9.692085e-06,0.0019258551,0.0027177378,7.00134e-05,8.153561e-06,5.8350965e-05,1.9934575e-06,0.004312795,2.8616567e-05,0.00016064094,0.00012314932,1.16591655e-05,1.6547698e-05,2.7158041e-05,1.7065024e-05,1.6357402e-05,2.3918366e-05,5.9769256e-05,1.798582e-06,1.0447955e-05,4.1588988e-05,5.5973902e-05,0.0070430906,1.663098e-05,0.00013430226,1.1068617e-05,0.002429273,2.4619349e-05,3.9642026e-05,1.707319e-05,5.430876e-05,7.5602293e-06,1.1458956e-05,0.004103509,4.9520768e-05,0.00063329603,2.5975463e-05,1.11795e-05,7.066932e-05,6.3531406e-05,9.155145e-05,0.00011022956,0.00017682661,4.9911405e-06,3.5663183e-05,3.7165402e-05,6.3559423e-06,2.1301803e-06,1.5435302e-05,8.051666e-06,8.365754e-06,0.0018806465,8.219245e-06,0.04553582,2.3703672e-06,6.6812936e-06,1.3607283e-05,0.0015481969,0.0019601686,0.00010460991,9.364322e-06,9.640616e-06
Otu17,Bacteria,Firmicutes,Clostridia,Clostridiales,Lachnospiraceae,Roseburia,na,0.052008864,0.12358799,1.0995913e-06,0.0024563672,0.01211316,0.00014498754,4.5773788e-05,9.566263e-05,1.35194805e-05,5.735295e-05,2.7302383e-05,0.00017168156,7.228194e-05,0.0022582472,1.4428734e-05,0.00020490563,0.00998766,0.024438178,0.00085207965,0.002965731,2.3761342e-05,4.950292e-06,0.79097325,9.468722e-06,0.0033198986,6.441828e-05,3.989731e-05,0.0036525996,0.009337232,0.0013054045,2.0148449e-05,0.025321702,0.0010382354,9.827079e-05,3.8899445e-05,1.4876669e-05,0.019407477,3.3158503e-05,0.0003217727,2.929541e-05,4.151512e-05,0.0007760646,0.01831584,2.3894836e-05,7.6109945e-06,9.221006e-06,7.365947e-06,2.3641796e-06,3.2409218e-05,0.023710165,0.06323805,1.5989066e-05,4.742844e-05,0.00014582048,5.282978e-06,7.438342e-06,0.0019520142,0.012531876,0.0063031856,3.130657e-06,0.0088224225,9.816526e-06,3.3887707e-05,4.681856e-05,4.271974e-06,3.2170814e-05,3.0190522e-06,9.595548e-06,6.85316e-07,0.013679408,0.017924808,1.490899e-06,1.1279727e-05,2.3180146e-06,0.0009267789,6.8623915e-05
Otu45,Bacteria,Firmicutes,Clostridia,Clostridiales,na,na,na,1.5214601e-06,9.5145657e-07,1.9865704e-05,1.9407202e-05,1.6321419e-05,7.553825e-06,0.0005423818,3.4537512e-05,3.9628525e-05,5.3248637e-05,0.00019082625,0.00018008053,1.5138899e-05,1.6298143e-05,3.0257524e-05,0.009679999,2.5124024e-05,2.3823404e-05,1.0075113e-05,3.0873798e-05,4.881259e-06,2.7941771e-06,0.0015739931,5.5065843e-06,4.6248824e-05,0.0012882318,0.0017499758,1.6916367e-05,8.500167e-06,4.9685987e-06,5.47084e-05,3.5874604e-05,0.0028233002,0.002048864,7.133779e-05,0.0009714629,8.9290384e-05,2.0832565e-05,3.8938488e-05,0.0027802149,1.0534272e-05,5.65017e-05,1.076155e-05,5.4437143e-05,8.2730214e-05,4.180454e-06,0.87813014,1.9819186e-06,2.503878e-06,3.0894273e-05,0.0028588765,5.1896746e-05,2.1261972e-06,1.8117898e-05,1.4558722e-05,9.534789e-05,4.234625e-05,1.0552549e-05,1.692768e-05,4.1999807e-05,3.4903187e-05,9.489754e-06,1.9883555e-05,2.1902103e-07,8.0260975e-07,1.7874157e-05,5.315516e-06,1.5768283e-05,2.4909202e-06,4.404188e-06,1.7515148e-06,2.1949007e-05,8.346613e-06,1.0032209e-05,6.300608e-05,9.769207e-06
Otu59,Bacteria,Firmicutes,Clostridia,Clostridiales,Lachnospiraceae,na,na,0.0040160944,5.8338028e-05,0.00962705,0.0069924984,0.0019735899,0.0003566232,4.735588e-05,1.9049894e-06,3.0208028e-05,2.7498834e-05,1.1448341e-05,0.001965315,0.0012116977,0.004726475,0.005482286,0.0030649144,1.6419161e-06,8.0588425e-06,0.00067166664,5.3380973e-05,1.9662987e-06,0.016379112,0.0018437222,1.0654501e-05,0.0051871194,0.0019426898,1.4373193e-06,7.765564e-06,3.3486067e-06,1.1039046e-05,5.981465e-05,0.002994948,2.2705028e-06,0.00016919394,0.00020012865,1.5521098e-05,0.004231702,1.294644e-05,2.4573332e-05,8.5776825e-05,0.47038758,8.27571e-06,0.0040335655,0.00091508124,0.012354253,0.00033907162,1.1042421e-05,0.0054470277,6.727872e-05,0.0007014348,0.0009902403,1.6919932e-05,5.7714074e-06,3.0621275e-05,0.0033557727,2.1112206e-05,2.9769428e-05,0.0024651925,0.0007825888,2.3007084e-05,4.0592854e-06,2.5272248e-05,0.001524789,1.7099567e-06,0.0051684338,0.03438526,4.832193e-05,0.026351556,2.865521e-07,0.0019270362,0.0029729048,0.011257987,0.00022663458,0.010584465,0.00015695402,4.332867e-05
Otu48,Bacteria,Firmicutes,Clostridia,Clostridiales,Clostridiaceae_1,Clostridium_sensu_stricto,na,1.2882902e-05,1.8864075e-05,2.9919647e-06,0.0011349902,2.3768594e-05,1.7070082e-05,0.0012604417,6.649456e-05,4.620455e-05,3.4356926e-05,2.4272917e-05,0.0020706921,0.00016825298,0.0007337607,2.6905804e-05,9.161155e-06,1.4687047e-05,0.0017851826,2.2675038e-05,0.0011875965,0.730792,4.218619e-06,1.7273353e-05,0.00020323636,0.00043110683,0.0009345622,9.987911e-06,8.547666e-05,5.5857e-06,2.391861e-05,4.9913946e-05,1.31536135e-05,0.0012606342,1.7826585e-05,2.2445547e-05,3.049372e-05,2.2041795e-05,1.3774705e-06,8.003871e-06,0.00093700865,0.0013395884,1.8815741e-05,3.4040495e-05,4.5976176e-05,4.2605243e-05,0.0023334331,1.5951877e-05,6.4163355e-06,3.826499e-06,7.547268e-05,4.4399762e-06,0.00033167878,0.0017279047,1.9564899e-05,0.0034729964,3.2562996e-06,6.4460587e-06,1.8946701e-05,3.6843358e-05,0.0005493392,3.3853667e-05,2.3181896e-05,0.0022320256,1.0876037e-05,1.6265454e-05,0.00068282156,0.00030717207,2.7346189e-06,0.00018337613,1.277689e-06,5.5731514e-05,0.0112840645,3.8055437e-05,6.0326433e-06,3.6031564e-05,0.00012732577
Otu78,Bacteria,Firmicutes,Clostridia,Clostridiales,Ruminococcaceae,Intestinimonas,na,0.00017295606,0.001205418,0.00039378295,0.002712601,2.1111759e-05,0.0003985479,1.934465e-05,2.141628e-05,4.4408534e-06,0.00047366167,3.3314078e-05,0.0014712,0.004767618,0.00024602632,6.456164e-05,0.0010292082,3.1911575e-05,3.733756e-05,3.1603074e-06,1.8376048e-05,6.9770663e-06,0.0008373368,0.001867758,4.7374328e-05,0.00089423684,4.578281e-05,5.7000602e-06,0.0035253698,1.2126722e-05,0.0016465576,6.324764e-05,0.00027538967,1.3319476e-05,2.8272827e-05,1.2693688e-05,0.00014125969,0.00017489847,0.001965897,0.0027063957,0.0076862182,1.7786599e-05,3.3508408e-05,0.0023024343,0.5263248,0.00025621895,2.4054374e-05,3.998148e-06,0.0049614287,7.19856e-05,0.00809102,0.0033090508,6.517267e-05,0.0015169801,5.3294956e-05,1.7612367e-06,2.6947664e-05,6.508357e-05,3.0414201e-05,2.3940342e-05,1.0510031e-05,2.8500303e-05,0.0001500232,0.00022751965,0.00025991205,6.229572e-06,0.002400723,3.3272977e-06,1.083013e-05,1.461222e-07,0.0020654646,0.00015457388,0.00054284435,0.0002670907,9.645976e-06,5.1583702e-05,2.633024e-05
Otu41,Bacteria,Firmicutes,Clostridia,Clostridiales,Lachnospiraceae,Hespellia,na,0.0071263826,0.004566326,0.00014542497,0.00020576717,0.027970871,8.394325e-05,0.0020057403,1.8609448e-05,0.0027281742,5.4244316e-05,0.0018446862,0.0017601581,0.00969851,0.003107841,0.0032463528,1.0232353e-05,0.0038781331,0.0014616225,0.0011123292,0.008753915,4.0900127e-06,0.016827432,0.0038933733,0.0018439738,0.0020653133,0.00026651588,9.648206e-05,0.00081932254,0.0072598467,0.0013080849,3.815321e-06,0.016343467,0.00062831736,2.5607671e-06,0.000650658,0.00010474369,0.0018385994,0.005868272,9.19452e-06,4.70161e-06,0.001199077,0.774993,1.885804e-05,0.010831048,5.3618736e-05,0.00012323141,0.0036271745,4.411393e-06,0.00683594,0.0158803,0.058475003,9.910753e-06,0.0013288676,0.0012320842,0.0007655978,0.0011196163,0.001196972,0.0008982242,0.011576385,9.161912e-05,0.0006977217,4.4762905e-06,0.0017780289,0.03747802,0.0017027205,0.0076174354,5.5208166e-05,1.4918451e-05,1.4754246e-06,0.0007303219,0.0029118843,2.1141757e-05,0.00011624425,0.018779635,3.6560115e-05,0.023478545
Otu77,Bacteria,Firmicutes,Clostridia,Clostridiales,Lachnospiraceae,Clostridium_XlVa,na,0.007925885,0.004395899,0.0009472437,0.00046758712,0.0011638402,0.00092312705,1.6376542e-05,4.5950106e-05,2.1402891e-05,8.475088e-06,1.0491831e-05,8.616845e-06,0.0035651599,0.00073020643,9.000947e-05,5.926037e-06,0.00047528005,1.0380217e-05,6.5851425e-05,0.7513536,1.4915882e-05,0.002777886,0.011817891,0.0007079434,0.0051637753,4.6007826e-05,4.6839574e-05,0.0008229957,0.00021474119,0.00011972793,5.9604867e-05,0.000936382,0.0017173662,0.0002779175,0.00037734432,0.00045975897,4.523101e-05,0.00045838297,6.1652754e-05,2.47845e-05,0.00016120217,0.00074393116,4.7979614e-05,0.023972502,0.0005431308,4.685985e-05,7.642882e-06,0.0033332678,8.597405e-06,0.00046061163,0.0066203866,2.5196947e-05,0.0015311234,0.0016364374,0.0007376904,7.809606e-05,1.3067212e-05,0.0006524797,4.1624877e-05,3.4897998e-06,0.00043374012,1.9537495e-06,0.0016027789,0.00028623323,0.0034252736,0.0005450749,8.977538e-06,0.009692192,8.575925e-05,0.0033642289,0.00014607431,0.0029193256,0.023470897,0.011546403,0.0003830187,1.1158147e-05
Otu40,Bacteria,Firmicutes,Clostridia,Clostridiales,Lachnospiraceae,na,na,8.616658e-06,8.182291e-06,0.003776531,0.00023658597,0.0021346405,0.00020576818,0.016612982,8.011727e-06,1.5288346e-05,2.115563e-05,4.3975844e-05,0.0007166106,0.004318293,0.0039975685,0.03448062,0.004104958,0.0023718495,0.00027279175,0.0009796584,0.003977449,2.30926e-06,0.007391369,6.404372e-05,0.00032740165,0.0033839156,0.0017851334,1.9882857e-05,3.3427762e-06,6.555641e-06,7.698826e-06,0.0025988733,1.31232155e-05,1.1047047e-05,0.00014561148,0.83766305,6.660855e-05,0.0014970363,2.3601755e-05,2.210163e-05,2.5252612e-05,0.080570586,1.6818423e-05,6.7691406e-05,2.4385694e-05,0.005579693,0.0029424967,2.4273235e-05,0.0101095345,0.00014238885,5.746334e-06,1.0350867e-05,2.079596e-05,4.1032665e-05,0.01666682,8.504655e-06,0.0004521343,6.995726e-05,5.7344412e-05,6.398e-05,7.323042e-06,7.6981654e-05,9.3842145e-06,0.0057728724,3.9177226e-06,0.00021497723,0.0006376188,1.3636548e-05,0.0055968366,1.3677261e-06,1.003513e-05,0.017316908,9.607923e-06,0.0037256328,0.002470615,3.7099744e-05,8.834333e-06
Otu18,Bacteria,Firmicutes,Clostridia,Clostridiales,Lachnospiraceae,Eisenbergiella,na,0.00021665408,0.00015166521,0.00095822255,0.0002309658,0.0036102629,0.0014068644,0.0024973913,0.0060227145,0.002312185,0.000560713,0.002931969,0.00072013296,0.002330671,0.004433141,0.0002901172,0.025580563,0.004607209,8.607538e-06,8.617722e-05,0.0036535242,0.0013424616,0.0006252325,0.0018452472,0.0018686756,0.0052880943,0.0059689153,0.0053587295,2.375925e-05,1.6457729e-05,0.000107151,0.009067473,0.0007051909,7.7171735e-06,0.005037966,0.005952546,8.5910455e-05,8.426115e-05,1.2131172e-05,3.6975867e-05,0.006108246,0.0014181396,0.00047555,4.4110884e-06,0.0010150431,3.0076326e-05,0.0006523851,1.3259146e-05,0.015158135,0.0019600273,0.0005066769,0.0013420245,0.00027518775,0.0005494444,0.0007222639,0.011490059,6.0205337e-05,3.5398425e-05,0.00016908055,1.648485e-05,1.1814446e-05,0.0018646885,0.00010964434,0.0015512963,0.0020168333,0.8530605,0.0049746754,3.9957802e-05,0.0027819898,0.0031269954,0.0021256804,0.0022142648,0.002517311,0.00013716187,0.006806809,0.00018439179,0.0035668074
Otu71,Bacteria,Firmicutes,Clostridia,Clostridiales,Lachnospiraceae,na,na,6.2982594e-06,0.00663898,0.00027907538,1.6577393e-05,0.0030075305,7.872371e-05,2.6010597e-05,0.002312786,0.0010276348,7.724126e-05,0.0016844172,0.0017093152,2.5194337e-05,1.5078753e-05,0.001623595,2.90818e-06,2.4804245e-05,3.9412234e-06,9.544173e-05,0.0005323377,0.0023942145,0.0008120024,1.2091137e-05,0.00018426849,3.4640718e-05,4.270403e-05,1.2949401e-05,8.119391e-05,0.0057230904,5.9967246e-05,2.536647e-05,6.7647976e-05,3.0077395e-05,0.00034697243,7.0927505e-05,8.805329e-06,1.4942414e-05,0.024139395,4.129333e-05,2.566746e-05,1.6990874e-05,0.00040123655,0.0037019264,0.0055604046,0.0038149923,0.0011903092,2.2477438e-05,1.7229571e-06,9.731491e-05,0.0014909201,0.0002675368,1.5257281e-05,8.1726255e-05,2.0340434e-05,0.006558302,0.0015334159,6.9923544e-06,6.443011e-05,1.2322797e-05,2.8787035e-05,0.005796495,2.3852838e-06,0.0006226181,0.0016095362,6.9991015e-06,1.3618992e-05,4.5986497e-05,9.18354e-05,1.794259e-06,0.003411503,1.3316633e-05,1.2573759e-05,0.002975207,1.8912093e-05,0.0065573817,2.326372e-05
Otu64,Bacteria,Firmicutes,Clostridia,Clostridiales,Lachnospiraceae,Muricomes,na,0.00415422,0.0055883704,2.067082e-05,0.0031705264,0.0029179608,0.0008274747,5.1288705e-05,4.957647e-05,0.00012412769,0.00019280826,7.732485e-05,0.0006381938,0.004032184,0.00058679306,1.0440807e-05,0.0011000844,0.00042660502,2.0198733e-05,0.004079727,0.00084323337,0.0068755043,0.0007283443,0.00020146112,0.0003429151,6.64674e-05,0.00019170073,1.9026493e-05,1.6889462e-05,6.1081055e-06,2.014197e-05,0.0007179857,1.7513841e-05,8.09296e-06,0.00010229925,2.2772503e-05,3.8221187e-05,2.5163878e-05,0.0020821951,5.1183826e-05,8.8981724e-05,0.00044678396,0.00032400666,2.0528232e-05,0.0038747457,2.8475855e-05,0.0007852085,7.724487e-05,3.573336e-05,1.1900544e-05,1.8789537e-05,1.4928193e-05,0.0002659992,0.008671155,1.8336208e-05,6.919657e-06,2.0400961e-05,3.6845944e-05,3.234921e-05,3.558748e-05,1.0178736e-05,2.752672e-05,9.4027455e-05,5.2301533e-05,1.0070668e-05,0.00060912245,0.00080421596,6.124794e-06,0.0012241864,1.0855288e-05,0.0026986531,0.000113729475,1.4169478e-05,5.4298907e-05,0.00016901284,0.003927001,5.88469e-05
Otu38,Bacteria,Firmicutes,Clostridia,Clostridiales,Lachnospiraceae,Cellulosilyticum,na,0.0051497836,0.031493727,8.7619455e-06,0.0011403401,2.4068871e-05,0.0066037336,6.7352407e-06,2.0737998e-05,4.9854894e-05,1.5771535e-05,2.6580776e-05,6.4581975e-05,0.0023432097,0.00044078956,6.5054104e-05,0.00019218908,9.508901e-05,5.0792173e-06,0.73242366,5.848741e-05,3.0675167e-06,2.026149e-06,0.0010089304,2.3955854e-05,4.7767753e-06,0.0018582108,0.00016634443,8.355422e-06,0.009042581,5.6898676e-05,0.0016974919,2.0819274e-05,0.001036343,4.225667e-05,0.00039828775,4.2187978e-05,3.6677284e-05,7.123181e-06,1.7155458e-05,9.4653726e-05,8.6116204e-05,5.117195e-05,0.00031194594,0.032818884,0.0030287744,2.1089367e-05,1.0086141e-05,0.0006226543,6.97589e-06,0.006980292,2.8356304e-05,0.00011600714,0.00040627146,4.126316e-05,2.414151e-06,1.392256e-05,0.00051017816,1.7614348e-05,0.0001660156,0.00012439812,0.0007666914,5.8795387e-05,3.942283e-05,3.9855627e-06,9.972621e-05,3.0339215e-05,0.00010229811,0.0016242941,0.00583549,0.016933287,0.00055786,0.0006770926,1.3265771e-05,0.00038719134,0.0035764428,0.00017586394
Otu75,Bacteria,Firmicutes,Clostridia,Clostridiales,Ruminococcaceae,Acetivibrio,na,1.1315059e-05,0.0012931433,1.9802528e-05,2.8316268e-05,5.9919125e-06,0.00075946347,1.0662163e-05,7.228146e-05,4.5896845e-06,3.2829474e-05,0.000112641836,1.0219921e-05,0.00012544061,8.631474e-05,1.5505437e-05,0.0007815115,5.473918e-05,5.9803224e-05,2.2734692e-05,1.4079035e-05,0.012870362,8.868917e-06,5.2673193e-05,0.003766884,8.323275e-06,4.5333154e-06,4.3482647e-05,7.3675576e-05,3.9287343e-06,6.034054e-05,9.7156235e-06,0.0004896675,5.9733554e-07,3.0700343e-05,2.1789127e-05,9.621813e-06,0.00044777678,4.044304e-06,0.000879697,1.4139868e-05,1.7913451e-05,0.0013974599,2.1934861e-06,1.584533e-05,2.4044819e-05,1.3919652e-05,1.7812167e-06,0.0005458599,1.3323378e-05,3.3006494e-05,4.1474366e-05,1.0957488e-05,4.514011e-05,7.230143e-05,0.00033538384,1.847832e-05,0.00068028294,3.6959605e-05,4.029503e-05,0.00049702433,2.4580517e-05,1.2068126e-06,0.00072103046,9.743486e-07,0.00011766083,0.00088719925,8.033461e-05,5.4221702e-05,0.00079890195,2.004781e-05,1.7888653e-05,8.5794245e-06,3.97257e-05,0.00070968864,0.007629418,5.1986768e-05
Otu20,Bacteria,Bacteroidetes,Bacteroidia,Bacteroidales,na,na,Muribaculum gordoncarteri,0.19794631,0.07806733,0.00026399014,0.002521901,2.8981643e-05,0.005850258,5.2595365e-06,0.0009508833,2.5663197e-05,5.1820298e-05,0.003030844,3.2706414e-06,0.003012638,5.830142e-05,0.0002969637,1.3482628e-05,3.1087526e-05,2.7825554e-06,0.0038047335,3.959221e-06,0.0035866431,1.686081e-06,0.0068439674,5.8264495e-06,0.0023583043,6.848663e-07,2.3318062e-05,0.003761413,0.001525867,5.6476245e-05,0.0014130305,1.41836135e-05,2.2293216e-06,0.0008065094,1.0006899e-05,1.7909026e-05,0.010437985,0.005602047,0.006694696,3.8854428e-06,2.599004e-06,2.0083458e-05,2.3756627e-06,0.00025779367,0.0001991458,5.317439e-06,2.574964e-06,0.010336567,0.00013109048,0.011628482,0.006201312,2.3898092e-05,7.439216e-05,4.466317e-06,4.501211e-05,0.0001355013,7.165505e-05,2.0974387e-05,2.2151567e-05,2.8188733e-05,0.00021123199,0.004209588,2.328464e-05,0.00034587007,8.8410765e-05,0.00023630055,3.5678535e-05,0.00016604297,1.3460284e-06,0.0033531878,1.1043099e-05,0.00010468349,1.5670152e-05,2.0430176e-05,0.8316265,5.4451226e-05
Otu66,Bacteria,Firmicutes,Clostridia,Clostridiales,Lachnospiraceae,Muricomes,na,0.000707143,1.1864461e-05,0.01205653,0.7157198,0.00056309486,6.5864064e-05,0.0065104314,0.00025397254,1.16203155e-05,0.0007736873,0.005422633,0.0010970354,0.006858914,0.007232299,0.0013902729,0.00013031068,0.00010108522,0.0032031417,2.5260226e-05,1.7695605e-06,0.0004211674,0.015515723,8.4796826e-05,0.0050503467,0.00028832778,0.0020154535,0.00043889662,2.288946e-05,8.184172e-06,0.00027833783,0.0015607954,0.0021162445,6.5290897e-07,0.00017847738,4.2522122e-05,0.0005851345,0.0025043003,0.00018978075,1.5284144e-05,8.666705e-06,0.014516258,0.0048003756,1.1791666e-05,0.0031195993,0.0007723713,0.004312379,0.0023978883,0.026941704,1.6981323e-05,2.5930553e-05,0.006806792,0.0004851057,0.0020764063,0.0031528708,0.0019559476,0.0007452416,4.187304e-06,0.00084733794,0.00011724193,2.0066944e-05,9.8815486e-05,7.0304195e-05,5.792598e-05,0.00047528552,0.0031171353,0.005284672,2.4166555e-05,0.0064865216,2.8398247e-06,0.0029114962,0.0038653128,0.003306845,0.009071987,2.7282626e-05,8.098907e-06,0.004899431
Otu10,Bacteria,Firmicutes,Erysipelotrichia,Erysipelotrichales,Erysipelotrichaceae,Faecalibaculum,Faecalibaculum rodentium,0.21419342,0.20133005,0.010235561,0.0009417237,1.6913615e-05,0.904201,0.0077991406,8.399931e-05,3.9488674e-05,6.191402e-06,7.0980113e-06,1.0910532e-05,3.0429672e-05,4.103302e-06,7.498787e-05,1.4007498e-05,2.2682734e-05,7.5982475e-06,5.2942483e-05,8.713402e-05,0.000132399,4.9016894e-06,0.0016605073,5.2899293e-05,0.0034500554,9.537231e-06,1.9691359e-05,7.863785e-05,2.7472104e-05,0.009515668,0.0026141056,0.00010337922,3.1902073e-05,2.049082e-05,4.9962975e-05,1.5129356e-05,0.0013588418,4.1302033e-06,0.002431379,9.5328305e-06,0.001800335,3.5354893e-05,0.00017031467,6.303369e-05,9.259011e-05,2.3827157e-05,2.8931527e-06,1.1820708e-05,4.299324e-06,0.004358372,0.00062423747,1.115742e-05,8.1360595e-05,3.0824787e-05,3.1361858e-06,1.1247649e-05,0.00021690576,3.0341635e-05,2.3525796e-05,1.961173e-06,7.3062925e-05,7.0847937e-06,6.680924e-05,2.6623404e-06,9.971575e-05,0.0021570276,1.1136876e-05,5.579594e-05,2.395819e-06,0.16146329,0.004682802,2.9888759e-05,2.0489253e-05,0.013439267,0.0012540746,1.2634267e-05
Otu9,Bacteria,Firmicutes,Clostridia,Clostridiales,Ruminococcaceae,na,na,2.4275712e-05,5.6830922e-05,1.8189088e-05,3.641294e-05,0.00090410153,3.4416476e-05,7.352207e-05,2.501604e-05,0.0050828285,0.000280993,0.0025626493,2.9527612e-06,0.0008905125,0.00011703057,0.0010669183,3.175908e-06,2.4118439e-05,1.5564343e-05,0.00031106736,6.25796e-05,1.2118152e-06,1.3659477e-05,1.2113274e-05,8.46706e-06,5.6364337e-05,2.3635134e-06,0.83683455,5.9765047e-05,6.6597026e-06,0.0012608743,0.0068404814,1.6545819e-05,0.00062612985,9.9711106e-05,6.282094e-06,1.7859647e-05,0.0009943001,2.6576774e-06,0.01353698,0.000109850625,7.2383664e-06,0.0007111888,9.083202e-06,1.2960498e-05,4.0982454e-06,2.7161683e-05,0.0034802635,5.6041285e-06,2.193771e-05,0.0012285904,7.986418e-06,1.6792232e-05,0.015582112,1.9736632e-05,1.0842632e-05,0.0060361833,1.2466039e-05,1.4856326e-05,6.264905e-05,1.8486975e-05,1.9791934e-05,3.7169695e-05,1.2860629e-05,8.791541e-05,4.923523e-05,2.7731187e-06,0.00052996504,9.669581e-06,0.007987629,7.753585e-06,5.8979913e-05,2.8551864e-05,3.0787647e-05,1.6493674e-05,0.00067040086,0.004540888
Otu51,Bacteria,Firmicutes,Clostridia,Clostridiales,Lachnospiraceae,Marvinbryantia,na,0.00041736677,0.0059485836,0.022126993,0.005966127,0.017381834,0.002768956,2.1897104e-05,2.0354759e-05,7.430271e-05,0.0003429859,0.00032195286,0.0005552328,0.0047601876,0.014898887,6.207328e-05,1.460396e-06,0.0009565223,0.0015485502,6.1302475e-05,0.005226778,5.4115622e-05,0.048577145,0.0021573466,1.4277819e-05,9.7958855e-06,1.1602663e-05,3.9691433e-05,6.435991e-05,2.3389618e-06,0.0012418425,0.0004126074,0.7578224,1.0274267e-06,2.4940973e-05,0.00041675326,6.0549432e-06,9.428417e-05,0.017767992,0.0039016965,0.0035096677,0.006827045,0.0046382365,0.00019890603,0.004493449,0.00836634,1.593744e-05,3.3449771e-06,0.029015196,1.2963211e-05,0.0064951507,0.026131172,1.8820741e-05,1.7854256e-05,0.00047470347,2.464685e-05,2.5503097e-05,0.0008211826,0.0059568454,2.6308418e-05,2.446654e-05,0.00014277016,4.3374193e-06,0.006878392,0.021262845,0.00084418675,0.0018554121,2.0981734e-05,0.0019972369,3.3334484e-06,0.0017529906,0.00015147707,0.007542572,2.2272881e-05,0.0012960852,0.0051319837,0.0022353283
Otu2,Bacteria,Verrucomicrobia,Verrucomicrobiae,Verrucomicrobiales,Akkermansiaceae,Akkermansia,na,0.070327245,0.08659279,1.6803735e-05,2.7452595e-06,0.011143136,0.009792429,0.00011665671,0.0003169844,0.0014277975,2.2474393e-05,0.0036716906,0.0013870929,8.0138554e-05,5.7928424e-05,2.4003544e-05,0.057638124,0.036557797,0.105937555,0.08326448,0.038904212,0.00062626804,7.3033634e-06,0.023162173,4.6541656e-05,0.009554468,2.3307148e-06,0.0030089174,0.013054211,0.6002331,0.009720029,0.022283344,0.004921326,0.0017215379,0.0024235717,0.0005671342,9.341256e-05,5.5394943e-05,0.00027282196,0.0042943,1.9640589e-05,3.9995655e-05,0.05820746,0.025288995,3.592428e-05,0.00013462303,0.00030772135,0.0019130016,1.4363449e-05,0.00020703612,0.0151190935,0.0015648418,0.99069595,0.060425393,0.011474906,0.00022187241,0.0086267935,0.00010370812,0.015535843,2.811542e-05,0.0021131625,0.0006869962,0.007970523,8.442829e-07,3.2850007e-06,9.771719e-06,0.0009782296,2.7427845e-06,0.00056424225,4.423798e-06,0.37968093,1.8983046e-05,1.4995354e-05,1.4482408e-05,5.8905574e-05,0.042749256,0.0023288957
Otu27,Bacteria,Firmicutes,Clostridia,Clostridiales,Lachnospiraceae,na,na,1.254467e-06,2.0154836e-05,0.01968602,0.00013457914,6.87006e-05,0.0053565972,0.0072288197,0.00855438,1.4427032e-05,0.0017735949,0.0007498385,1.2823164e-05,3.099459e-05,0.00059570605,0.0017192647,0.023472164,5.369112e-05,9.684963e-06,4.3332297e-05,0.0031998493,6.6321454e-06,0.00047309735,2.435392e-05,8.877567e-06,0.008222801,0.0054978994,4.6592715e-05,1.891642e-05,0.00028709415,0.00064906135,4.0917763e-05,9.0617605e-06,1.0213702e-05,0.00028222892,0.0034812456,0.0008344968,0.0018568401,8.167119e-06,9.343478e-05,2.479871e-05,0.0025930563,0.00081226736,1.50791975e-05,6.298994e-05,5.6522014e-05,0.00023241983,1.6960388e-05,0.0001025637,3.9718343e-05,8.708431e-06,1.1973129e-05,1.6110313e-06,1.9757847e-05,0.855194,0.0042231022,0.0006799785,0.00023583458,7.687466e-06,4.3071227e-06,0.00017130244,4.3853037e-05,5.932505e-07,0.0017617367,9.537445e-06,1.1863641e-05,1.8753459e-05,5.28159e-06,3.556241e-05,0.00021867482,6.0959896e-06,0.00033116617,1.4255844e-05,0.0002679743,0.0047435714,1.8237319e-05,1.1480418e-05
Otu31,Bacteria,Firmicutes,Clostridia,Clostridiales,Lachnospiraceae,Faecalicatena,na,0.000154958,7.974749e-06,1.6112273e-05,4.901542e-05,5.0674066e-06,2.681951e-05,0.8617402,1.7499975e-05,2.373734e-05,2.5309542e-05,0.0005568499,2.8800177e-06,0.00081232394,1.1621661e-05,0.003489429,0.008312192,0.0006009977,1.4725389e-05,6.0926286e-06,4.5690394e-05,5.0367802e-05,0.0037978448,3.336579e-05,0.0013561269,0.0015179924,0.014585249,8.450995e-06,0.0006907281,3.4312413e-06,2.0408746e-05,0.0010037414,2.3733497e-05,4.3758073e-06,0.0011065359,0.003110316,2.7318943e-05,0.00014560772,4.6861364e-06,0.00015816162,1.7942988e-05,3.0075314e-06,3.047236e-05,2.0141108e-05,1.0941334e-05,0.0025860074,0.0038433212,2.5052446e-05,0.0041067973,1.5082227e-05,2.3753923e-05,5.521847e-06,9.145699e-06,5.8068992e-05,0.00033322026,0.0117375385,4.146994e-05,7.2124785e-06,5.754833e-05,1.7476317e-05,1.1340689e-05,3.6767206e-06,1.0538245e-05,9.535776e-06,1.5773372e-05,6.530516e-06,0.0015374536,4.0295145e-06,2.1080623e-05,3.9580054e-06,5.1681673e-05,0.0030438274,0.00062291115,0.0014651823,7.6262564e-05,5.599803e-06,1.6801654e-05
Otu5,Bacteria,Firmicutes,Bacilli,Bacillales,Bacillaceae_1,Bacillus,na,1.6553532e-06,5.045465e-06,2.6561113e-06,1.6752725e-05,1.7715802e-05,3.8719223e-05,9.892986e-05,1.5634392e-05,2.2993288e-05,2.7445281e-05,3.2065134e-05,3.5191963e-05,7.0060465e-05,5.1497114e-05,1.0358402e-05,5.1209877e-06,3.4572593e-05,2.1079813e-05,1.0153494e-05,7.3758245e-05,1.7018852e-05,2.7468164e-05,8.943819e-06,6.646248e-05,3.6399953e-05,2.0646685e-06,8.6595486e-05,6.215637e-05,9.790446e-06,0.00011380208,5.7569396e-05,2.2916016e-05,2.5838732e-05,4.622136e-05,7.391218e-06,3.4160374e-05,7.44384e-05,6.5866407e-06,8.1407175e-05,0.0009140214,4.1645e-06,4.82154e-05,6.4138617e-06,1.5077299e-05,3.5462504e-05,0.0001726771,4.1508238e-06,2.916612e-06,1.9065967e-06,2.1663162e-05,1.8917925e-05,4.3744535e-06,1.1105492e-05,4.7442827e-06,5.461904e-05,1.4800642e-05,1.3700356e-05,6.541912e-06,0.00016080153,7.151067e-05,2.695767e-05,1.5824812e-06,1.5648899e-05,4.957881e-06,6.9271055e-06,4.798409e-05,2.0353937e-06,1.9065219e-05,2.4960269e-05,6.342733e-06,8.017883e-06,3.2674492e-05,9.061455e-05,8.828108e-06,3.3477216e-05,1.861786e-05
Otu105,Bacteria,Firmicutes,Clostridia,Clostridiales,Lachnospiraceae,na,na,1.7697139e-05,5.2589945e-05,1.9253508e-05,0.00012250706,2.5936497e-05,6.771696e-06,0.0001540387,2.2232864e-05,7.628846e-06,1.5945152e-05,1.463235e-05,0.00010206689,0.0011354419,7.58579e-06,3.666815e-05,4.4258177e-06,1.7467284e-05,5.78216e-05,3.399959e-05,0.0015066327,1.7313803e-05,6.734031e-05,0.0018515209,5.4333992e-05,5.462967e-05,2.5686653e-05,2.496972e-05,6.328631e-05,7.554213e-05,1.0388616e-05,3.5257643e-05,1.7735623e-05,0.00047351816,2.4948065e-05,4.685372e-05,0.00644033,2.4408353e-05,0.0007523988,8.116485e-05,4.3164528e-06,0.0001098554,8.552107e-06,9.70116e-06,0.00012905014,0.00014599082,5.2093594e-05,7.069222e-05,1.711501e-05,1.8668718e-05,1.1654413e-05,0.00012820712,5.0208273e-05,7.7291304e-05,8.912336e-06,5.7757325e-06,3.8849514e-05,2.53603e-06,8.767719e-05,2.176598e-05,1.9121533e-05,0.00032488437,0.0031574452,0.0048202327,2.8922412e-07,1.8661289e-06,0.00036319913,7.365723e-06,2.6521739e-05,7.789443e-07,1.1758645e-05,0.00023715291,3.077642e-05,0.0011458014,4.1963895e-06,2.1538895e-05,1.9874937e-05
Otu62,Bacteria,Firmicutes,Clostridia,Clostridiales,Ruminococcaceae,Pseudoflavonifractor,na,0.0064799567,0.0028426861,0.006916397,0.0029543694,0.17354985,0.00031209763,0.00010899161,1.19768365e-05,0.00014943258,2.5861898e-05,2.3570945e-05,0.0009655725,0.0002713696,0.0006007634,0.00015573719,0.008851426,0.0044435505,1.7906557e-05,0.0023355356,0.02373094,8.5198e-06,0.0045253998,0.00013045582,0.0021643706,0.006138197,0.003355703,2.3086875e-05,3.4050758e-05,1.0620782e-05,0.00058127183,5.1694427e-05,4.41983e-06,0.0012823486,9.451286e-05,0.0054065506,2.4961775e-05,0.0002112094,1.0798769e-05,5.9554245e-06,3.7099155e-05,0.0083652055,0.0029846302,5.071475e-06,0.02272622,0.8374838,1.629054e-05,9.3532935e-06,0.0145282615,0.000523959,0.01055028,0.005081262,0.00019154309,0.0011652362,0.0018500617,1.1745369e-05,0.0014660938,0.00016617138,1.5725713e-05,0.00010823,0.00020520584,0.0018154553,2.4924206e-05,0.0039538536,0.0009191622,1.3229976e-05,0.0013462772,5.5284854e-06,0.0020746014,1.0370642e-05,0.0005788001,0.00016159918,0.005310274,0.0006628917,9.874075e-06,0.000107856155,6.861194e-05
Otu194,Bacteria,Firmicutes,Bacilli,Lactobacillales,Lactobacillaceae,Lactobacillus,na,4.8061534e-06,1.5882446e-05,5.635808e-06,6.807246e-05,0.008687462,1.1504837e-05,2.509352e-05,1.9377872e-05,0.00084570854,0.00026038886,0.0015876329,8.282942e-05,0.00011963121,9.113099e-05,6.8434433e-06,5.1622096e-06,5.816756e-05,1.7571338e-05,0.0016727861,5.1974657e-05,3.9195393e-06,2.425095e-05,7.684846e-06,2.1365891e-05,8.2710394e-05,0.0016994422,9.188554e-06,4.8652535e-05,1.223144e-05,0.0001380038,1.14643e-05,6.3605294e-05,2.3214234e-05,1.6972814e-05,9.228657e-06,0.0010296241,2.6818709e-05,0.005701891,6.4229585e-05,0.90095645,1.1537597e-06,8.890364e-05,0.00014855762,2.3923703e-05,3.066381e-06,3.285906e-05,0.0020152412,2.4658648e-06,1.599623e-05,4.166453e-06,5.4332586e-06,1.2193457e-05,2.5334857e-05,6.4661335e-06,0.004518081,0.004159572,2.3695718e-05,0.0014706452,0.00016418507,1.2518317e-05,0.0003435343,7.2340144e-06,0.0031379347,0.000547319,1.7632796e-05,5.963933e-06,0.0003619023,6.3352823e-06,0.0031253586,2.5993013e-06,8.989851e-06,0.0006269507,4.2883734e-05,1.7986116e-05,0.00014796162,0.00049695093
Otu49,Bacteria,Firmicutes,Clostridia,Clostridiales,Lachnospiraceae,Enterocloster,na,5.933713e-05,3.2090811e-06,0.015504717,0.0015989594,0.0015490765,6.4115943e-06,1.7864688e-05,0.0001313937,9.10929e-05,3.4977835e-05,0.0003908593,0.013174529,0.00025829722,0.0034331968,0.0050997124,0.0020784799,2.2074146e-05,0.0001256467,3.5318376e-06,0.0053405156,3.7940907e-05,0.009977903,5.8033747e-05,8.677002e-05,0.008709171,0.0019534994,0.00034729418,0.0051793964,2.0818281e-06,5.1401417e-05,2.648979e-05,0.0005189957,0.0056422455,7.871499e-05,0.0013274302,0.00013168521,0.00043651432,7.665225e-06,2.0656305e-05,1.9746967e-05,0.0057163266,0.0031106507,5.262813e-06,7.809057e-05,0.013718976,0.00087040657,1.1984218e-05,0.0030876214,0.00020605495,1.6176784e-05,0.002679991,4.761305e-05,0.00030376427,0.00061468035,0.0056698513,0.7415016,1.35271375e-05,3.249137e-05,3.6329482e-05,1.20236255e-05,6.609655e-05,1.5754289e-05,6.702363e-06,0.001361129,0.0001366838,0.0010360943,0.00011526634,3.4157663e-05,0.0012978406,5.3909394e-06,0.00011227476,0.0017346691,0.0008545317,4.0290928e-05,3.148038e-05,7.370097e-05
Otu29,Bacteria,Firmicutes,Clostridia,Clostridiales,Peptostreptococcaceae,Romboutsia,na,7.144112e-05,1.9722404e-06,1.6704304e-05,4.6940015e-05,2.0276644e-05,0.0011638255,1.5106589e-05,0.00037546703,3.019979e-05,1.4012866e-05,0.0009921353,2.321787e-05,4.3115444e-05,1.595778e-05,5.414541e-05,1.4468859e-05,0.000111967245,5.375752e-05,0.0017429035,0.0070918985,4.304579e-06,4.753228e-06,0.0017921168,1.7993067e-05,3.445417e-05,4.1582825e-06,2.0198238e-05,8.5331354e-05,0.004463519,0.0050345846,1.1502793e-05,9.660764e-05,5.3085e-06,2.1428697e-05,6.733944e-05,1.676743e-05,4.1846848e-05,0.006957802,1.405109e-05,8.326673e-06,2.7219943e-05,2.935298e-05,0.012607981,0.0018928348,0.0008303243,5.669515e-06,1.3436375e-05,2.8740544e-06,9.1502325e-06,0.0004443153,4.73782e-06,8.351024e-06,0.8147957,1.142125e-05,3.81579e-06,0.0022159475,0.006021228,8.226033e-06,0.0012874738,1.4649737e-05,5.8038213e-06,1.2675077e-05,0.00011167186,0.0033851834,2.4148674e-06,0.0023712697,7.472022e-05,4.445242e-05,0.00041018135,1.9575933e-05,6.781429e-05,5.771098e-06,1.1560947e-05,0.00066802284,3.29803e-05,0.00016695843
Otu25,Bacteria,Bacteroidetes,Bacteroidia,Bacteroidales,na,na,na,0.022644477,0.010385414,0.0075735785,0.0047659557,0.045451436,0.00041181807,8.684375e-05,3.170081e-05,0.00021304625,0.00011213249,0.00056564866,0.00093563955,0.002795613,1.5024895e-05,3.2175428e-06,4.7111016e-06,0.0037602498,0.0043044114,0.0039917855,7.3219366e-05,2.1550048e-05,0.00016216878,0.00051739713,0.0001458023,0.00012695215,1.0130384e-05,0.00031943733,0.8891237,0.006684864,0.0003290235,0.0015569946,0.0047865384,1.0421547e-05,0.0008759261,0.004877518,2.3770674e-05,7.50449e-05,0.00093576836,0.015635232,3.22048e-05,2.0580972e-05,6.812017e-06,0.0044529946,0.019304605,5.5812734e-06,0.0033528071,0.009090151,0.024386093,0.015490581,0.002725473,2.6455873e-05,5.7565878e-05,2.3110322e-05,0.0011765048,2.07922e-06,4.9203725e-05,0.0019907067,7.072553e-05,0.002602019,1.6987704e-05,0.0065362058,0.01134193,0.00483705,0.0044041965,7.252876e-05,0.03194269,1.05809895e-05,2.7048754e-05,1.1776624e-06,0.0008097175,0.00070519303,0.00019411715,4.377636e-05,9.483877e-06,0.0026250621,2.3702381e-05
Otu6,Bacteria,Firmicutes,Clostridia,Clostridiales,Eubacteriaceae,Eubacterium,Eubacterium coprostanoligenes,0.02357661,0.26897565,0.14493382,9.03674e-05,0.011388793,0.0025479544,0.0013295339,5.69278e-05,0.0013510677,0.9803109,0.010110244,0.02298199,0.00010018027,0.0038657067,0.0031948765,0.0011918871,0.0055519305,0.00027126155,0.028062927,0.0010208531,0.01392978,0.007893372,0.024414219,4.4722663e-05,0.0003518834,0.0112257525,0.00081710436,0.017514542,0.208509,0.01839351,1.713895e-05,0.0022852335,0.00017464756,1.0491669e-05,0.0001259913,2.1062862e-05,7.0836854e-06,0.0150173735,0.006454668,2.6481728e-05,2.7053848e-05,0.00068706844,0.08669994,0.0057448437,0.02387881,0.010265246,0.016746849,0.002441912,0.00020214352,0.050645117,0.18153074,5.504852e-07,0.0014502512,0.008452419,0.10241608,0.016738178,2.1759164e-05,0.020592844,0.0018478344,6.137586e-05,0.016984748,3.9698602e-06,0.012747892,0.38449624,0.004431887,0.009018386,6.571368e-05,0.000111447385,0.0006658681,0.03320328,3.5957415e-05,0.00020195694,0.00031787212,0.00010321336,0.015852975,7.1841765e-05
Otu3,Bacteria,Firmicutes,Erysipelotrichia,Erysipelotrichales,Erysipelotrichaceae,Turicibacter,na,2.3178711e-06,1.9827155e-05,9.432605e-06,0.0054195733,9.592205e-06,1.9091587e-05,0.0008154474,0.006720874,0.030417904,0.0015624189,0.04349258,0.036010157,0.004362143,4.9398153e-05,0.021763714,0.004005233,0.0009994232,3.0469755e-05,0.025207054,9.276097e-06,0.15506302,4.6757527e-06,3.277309e-05,5.6767323e-05,0.011035424,0.010364416,0.02314536,4.1745866e-06,3.7472585e-06,0.010398276,0.003464414,6.5518914e-05,0.016306477,8.856061e-06,6.701469e-05,0.022239001,0.00011269668,8.809959e-06,0.009805132,0.02326772,1.6902504e-05,0.032017745,2.300643e-05,0.0033682599,1.8939078e-05,0.06868472,0.011616339,7.2654207e-06,0.022392487,8.226096e-06,2.775287e-05,5.517493e-05,0.007560206,0.007495824,0.65091926,0.0075527886,1.3543299e-05,0.0040324936,0.00012376509,0.9932367,0.005706629,1.0716456e-05,0.005524443,3.236109e-05,0.03209298,2.0528842e-06,3.68857e-05,0.012101083,0.42746282,4.1721487e-06,0.00031277863,0.01517068,0.008937486,0.000441053,0.008792505,0.011786263
Otu23,Bacteria,Firmicutes,Clostridia,Clostridiales,na,na,na,6.305165e-06,2.8524977e-05,3.249279e-05,2.0670563e-05,0.00052744226,1.7275484e-05,8.857685e-05,0.0001591012,0.009953655,6.162904e-05,2.2765442e-05,0.00010585783,6.283475e-05,3.7281072e-05,7.369525e-06,4.4490334e-06,0.0042655114,0.0021139334,1.8216013e-05,0.00080026727,2.572688e-05,6.1004366e-06,2.9082214e-05,1.3577269e-05,0.00034728454,0.004061718,0.007358486,6.951597e-05,5.490361e-06,0.00011116171,8.364735e-06,0.00045867148,0.044974957,0.0012677727,2.7967267e-06,0.006437883,0.0001182558,5.448272e-06,2.7533324e-05,0.0057193143,6.9263297e-06,2.6286207e-05,0.010660921,1.2134307e-05,1.0298646e-05,7.434772e-05,3.4510118e-05,1.648946e-05,3.2240318e-05,3.3044606e-05,4.795755e-05,6.4663304e-06,1.1097256e-05,3.564657e-06,0.00013103575,8.795377e-05,1.3018993e-06,0.00040196115,0.0022543878,3.8649367e-05,0.0063460255,5.1271413e-06,0.008471503,7.92394e-06,1.2583739e-06,4.681627e-06,7.888766e-06,4.4404544e-05,0.0027876718,0.0037925316,0.00012886268,7.5722546e-06,1.612726e-05,5.2535248e-05,6.737812e-05,0.87912065
Otu57,Bacteria,Firmicutes,Clostridia,Clostridiales,Lachnospiraceae,Roseburia,na,5.3820276e-07,8.413508e-06,0.017267609,3.936243e-05,3.395835e-05,7.138112e-05,2.691944e-05,3.066418e-05,1.3544361e-05,5.423697e-05,4.278557e-06,0.0014130586,0.0014777795,0.003278703,1.3416175e-05,0.0014498252,9.695283e-05,1.4193798e-05,2.0646921e-05,0.0023257653,9.953344e-06,0.0020409026,2.063609e-05,3.3915105e-05,0.0040288465,4.2635504e-05,0.00083165825,2.3072878e-05,1.4307479e-05,0.0016932075,0.00028290125,0.00018442578,1.578141e-05,5.393635e-05,0.008172112,1.2216015e-05,5.4667657e-05,1.0660665e-06,0.0013930827,1.559818e-05,0.020307057,1.383488e-05,1.4422796e-05,1.3614582e-05,1.052495e-05,1.8796864e-05,3.644039e-05,0.0018204324,2.6313832e-05,2.8242936e-05,5.4574525e-06,4.37588e-06,4.3521122e-05,0.00021865107,0.005306586,0.00023163208,0.0004177329,4.4447643e-05,3.016356e-05,1.8964453e-06,2.7147657e-05,5.483691e-06,0.003770168,2.251314e-05,0.00026385748,0.005390165,1.6078664e-05,7.807921e-06,2.78745e-05,6.588442e-05,3.49915e-05,0.0008060243,0.00035325158,0.8286454,8.445438e-05,9.9014405e-06
Otu52,Bacteria,Firmicutes,Clostridia,Clostridiales,Lachnospiraceae,Anaerocolumna,na,1.1881427e-06,2.5778574e-05,0.0032605054,5.838685e-06,0.0038851092,2.3672472e-05,0.00050626224,0.024358712,1.4461468e-05,1.2979251e-05,0.0012990814,0.0004136123,0.00023360972,0.008490892,0.81142956,0.0005207692,1.7995066e-05,3.4079887e-05,2.4471146e-05,0.007115817,6.6740536e-06,0.009464316,0.00016271776,3.8461316e-05,0.0026277727,9.152502e-06,2.7408212e-05,1.9695906e-05,1.4849479e-06,2.0920517e-05,1.3221339e-05,1.078118e-05,8.148822e-06,4.8224363e-05,1.2082119e-05,6.4637454e-05,0.00010679162,6.322605e-05,0.0002063446,7.068036e-06,0.006542685,4.0580744e-06,4.3812775e-05,0.00063592783,0.0012264547,2.3053539e-05,6.315112e-06,0.021875624,2.992891e-06,1.4652663e-05,2.8446013e-05,1.0355639e-05,1.6410288e-05,0.0015130307,6.1131027e-06,7.861436e-05,1.1692815e-05,0.0037833857,2.4971056e-05,3.205175e-05,1.7583076e-05,1.8233965e-05,0.002961901,2.2675572e-06,8.022753e-05,0.024942424,3.9184233e-05,0.009234715,4.0569166e-06,1.3275704e-06,0.0022523906,0.006641814,0.0087976195,0.000111837835,0.00023224988,0.000106619475
Otu39,Bacteria,Firmicutes,Clostridia,Clostridiales,Lachnospiraceae,Anaerostipes,na,0.00026142632,0.0001739212,0.0043486566,0.001921084,0.0045696395,2.967967e-05,0.001728076,2.7471262e-05,5.1083844e-06,9.580948e-06,0.0017329801,0.0015744546,0.001065271,0.009578864,1.4272321e-05,0.0051031276,0.0004001326,8.2509205e-06,0.00040098134,0.004825311,0.0002332736,0.006343512,1.2369845e-05,0.0016705791,0.0003083468,0.84435457,3.9407383e-05,0.0008282174,7.935875e-06,1.10704095e-05,2.5947917e-05,2.293495e-05,1.0007997e-05,6.427969e-05,0.00012326041,4.82481e-05,0.00584505,4.92017e-06,0.00031506404,2.768003e-05,0.0044032875,1.671477e-06,7.2203096e-05,0.0050460817,0.007024672,0.0033608985,0.0068512806,0.019788293,0.003704574,0.00086279726,3.9617447e-05,1.7949947e-06,1.2636352e-05,0.004507542,0.011284156,0.00091382297,3.9662318e-05,7.254609e-05,1.1579984e-05,2.7466687e-05,0.00022755959,2.078674e-05,0.0014564,7.302578e-06,0.0024347536,0.0007861964,3.9367696e-05,1.7798791e-05,4.019624e-05,2.6429414e-05,3.1457632e-05,1.23179125e-05,0.0008711936,0.0007338035,0.00017831346,3.6530582e-05
Otu98,Bacteria,Firmicutes,Clostridia,Clostridiales,Ruminococcaceae,Oscillibacter,na,0.0015993569,0.009965067,0.001258477,0.00089716766,0.0064093196,7.120041e-05,2.8291595e-05,0.011087101,3.595735e-05,4.3926088e-05,0.00016609515,9.094815e-06,0.00044106273,0.0001173585,5.531877e-06,7.703063e-06,0.01451768,1.5471198e-05,0.0007884989,0.0047884975,3.0688218e-06,0.0026460795,0.00039078432,0.00021365391,0.00036444535,0.0002083686,1.5124029e-05,0.00020124878,1.9381423e-05,1.5056704e-05,3.0186553e-05,0.01222377,1.4811434e-06,1.7001392e-05,4.180194e-06,7.769705e-06,0.00017643352,0.010190284,5.7655685e-05,1.2311237e-05,0.0065755746,0.00096963125,1.6801343e-05,0.01054796,3.3514127e-05,0.00033771718,2.7701176e-06,0.0008030041,1.5185276e-05,0.005276438,0.008077351,5.4983384e-06,8.326626e-05,0.00032939596,2.9266666e-06,0.00018243624,0.0017957245,0.0028249125,3.6300113e-05,1.0039612e-05,0.0002338658,1.611678e-06,0.00011222928,0.0013109238,2.4866085e-05,0.014521201,4.0884643e-06,3.111648e-05,7.428812e-07,0.002847847,3.6167654e-05,0.0010373006,1.014069e-05,2.5092282e-05,4.789919e-05,1.2884426e-05
Otu34,Bacteria,Firmicutes,Erysipelotrichia,Erysipelotrichales,Erysipelotrichaceae,Clostridium_XVIII,na,6.0673457e-05,0.00038181854,5.0456174e-06,0.018330894,2.1368707e-05,2.3268398e-05,0.00021545425,1.8865943e-05,0.00092667853,0.00020416707,0.0011993474,0.00035598798,0.0053904844,8.0796424e-05,2.9491712e-05,0.016990693,2.6205998e-05,4.4192875e-05,0.00020349561,0.00810462,5.8981504e-06,2.317128e-06,0.00013122031,1.6336317e-05,0.00015227227,8.158531e-05,5.3118647e-06,2.850827e-05,1.1301052e-05,0.0005126507,3.31256e-05,0.006178902,4.083247e-06,0.00019859028,1.1049124e-05,2.7666656e-05,0.00014148928,0.007860564,1.5484947e-06,1.0682151e-05,0.0007373346,0.0044115297,0.500762,2.0431788e-05,1.51722115e-05,0.0017600345,1.826178e-05,2.6779808e-06,0.6983922,0.0073951744,0.0031418025,0.00035368928,0.010713019,1.1841838e-05,3.4043576e-05,0.00013179421,0.00016354569,0.001971349,1.860614e-05,8.9450004e-05,0.0002161441,1.5541258e-06,5.022781e-05,0.0006015929,0.0045696143,0.00073407224,2.7225291e-05,3.8063508e-06,8.798634e-05,1.961428e-05,4.2681557e-05,0.00010771181,2.0191592e-05,3.6827398e-06,9.062395e-05,0.00011068871
Otu72,Bacteria,Firmicutes,Clostridia,Clostridiales,Lachnospiraceae,Cellulosilyticum,na,6.694907e-05,1.3027865e-05,6.5001916e-07,1.1131659e-05,6.903309e-06,6.91163e-05,5.883813e-05,4.2487824e-05,0.00028482758,1.3954907e-05,0.0001966589,0.0005628674,0.00012454457,1.1396671e-05,4.902493e-05,0.015577302,6.8631474e-05,2.8127371e-05,0.00010048826,4.0995958e-05,1.5955251e-06,8.308519e-06,2.2796541e-05,3.884327e-05,3.1264284e-05,8.07111e-06,0.0009910342,3.7344267e-05,1.2238594e-05,1.252516e-05,2.3717841e-05,3.577617e-05,0.00021100738,6.946046e-06,3.320234e-05,3.9686478e-05,0.00015059314,5.5566093e-06,1.02293e-05,2.0144045e-05,1.5654812e-06,8.7083456e-05,4.4698558e-05,8.220323e-06,6.757845e-06,1.04544e-05,1.1719281e-05,1.7654753e-06,0.18233998,1.9007399e-05,4.5017314e-06,1.393065e-05,7.041894e-06,1.0256587e-05,2.1738585e-06,1.03848315e-05,1.255578e-06,4.4523713e-05,6.245914e-06,0.000106115665,4.5409517e-05,7.936529e-06,0.0046283896,1.443222e-06,0.00093758915,9.852101e-05,6.5745494e-06,6.515546e-05,0.00083554024,3.1049335e-06,3.3267686e-06,2.1376347e-05,1.1168725e-05,0.003312464,3.3338114e-05,0.0022367474
