Otu,Domain,Phylum,Class,Order,Family,Genus,Species,A1,A2,A3,A4,A5,A6,A7,A8,A9,A10,A11,A12,A13,A14,A15,A16,A17,A18,A19,A20,A21,A22,A23,A24,A25,A26,A27,A28,A29,A30,A31,A32,A33,A34,A35,A36,A37,A38,A39,A40,A41,A42,A43,A44,A45,A46,A47,A48,A49,A50,A51,A52,A53,A54,A55,A56,A57,A58,A59,A60,A61,A62,A63
Otu48,Bacteria,Firmicutes,Clostridia,Clostridiales,Clostridiaceae_1,Clostridium_sensu_stricto,na,0.0012026106,1.5005844e-10,0.00042161692,0.00062063226,4.780671e-10,7.5863094e-10,1.3368656e-09,5.299935e-10,4.541881e-10,4.5362344e-10,3.563284e-10,0.0026230114,5.8883365e-10,6.2938577e-10,4.4024132e-10,3.1611683e-10,0.00023114997,4.0251083e-10,0.0012969152,3.4405268e-10,0.0016843082,6.1497124e-10,2.7385627e-10,0.0019557367,5.7773705e-05,7.433746e-10,3.4384173e-10,6.640453e-10,4.4010867e-10,2.1576388e-10,3.4273276e-10,1.4085129e-09,5.023874e-10,2.618831e-10,0.00028129813,0.00026183372,7.2639245e-10,4.852585e-10,0.0010668674,7.8205104e-10,0.0025037436,4.82892e-10,5.7579557e-05,1.0461432e-09,9.911917e-10,1.1203571e-08,0.7417718,1.353161e-10,0.0077519254,0.00080350705,0.0023765692,8.7057367e-10,1.097348e-09,0.0024566364,0.0052341535,1.5518635e-10,4.5279908e-10,6.0125055e-10,6.0996896e-10,0.013197367,5.926431e-10,1.2204701e-09,7.359027e-10
Otu23,Bacteria,Firmicutes,Clostridia,Clostridiales,na,na,na,5.6770405e-10,3.5212938e-10,1.6432054e-10,0.0020617312,3.548051e-08,3.653292e-06,1.2141647e-09,0.0010864713,4.5519155e-10,0.0015287115,3.1377692e-10,1.5605578e-09,0.8962718,1.0861834e-09,4.3521275e-10,2.9155503e-10,2.7026714e-10,4.2665357e-10,1.7990426e-09,4.4192058e-07,3.477546e-10,1.189832e-06,0.00585828,0.0015160652,6.6817224e-10,7.60938e-06,0.0039227805,0.003205174,0.0063114795,1.1187966e-09,3.4273276e-10,1.2628062e-06,5.3752214e-10,2.380233e-10,5.3970484e-10,6.665949e-10,4.7615185e-06,4.689984e-10,7.9270395e-09,1.5747567e-09,0.0001575533,0.010351136,3.430604e-07,3.818756e-10,1.026754e-09,3.883957e-10,7.428204e-10,1.0156154e-09,0.001897027,3.2850118e-09,5.293103e-09,4.020449e-06,1.5554334e-09,0.0032915538,0.0027925284,3.975001e-07,4.5730326e-06,6.048058e-10,6.0996896e-10,8.59074e-10,6.9056905e-10,0.00037198962,0.0042968374
Otu27,Bacteria,Firmicutes,Clostridia,Clostridiales,Lachnospiraceae,na,na,0.004212387,2.40043e-10,1.980799e-10,0.00037267638,4.0907454e-07,1.1739243e-09,0.0028978472,4.6792156e-06,4.5548076e-10,0.0036155158,0.0005654835,6.314711e-09,7.0404166e-10,4.4955983e-10,4.358373e-07,0.001806019,0.00011952238,5.2990756e-10,2.7379745e-09,0.006643407,3.477546e-10,1.5835915e-09,3.4354173e-07,1.8321403e-09,3.1901044e-09,0.0004866252,3.4384173e-10,6.3674405e-10,0.0007333565,2.1549695e-10,3.4294462e-10,3.630199e-08,5.3442767e-10,0.00035108163,0.025984054,4.924659e-10,2.9963874e-09,0.8598692,0.001036778,0.006538219,0.0020460936,9.125396e-10,4.886974e-07,2.951459e-09,1.4991475e-09,9.176809e-10,8.600103e-10,2.0550017e-10,0.0019606592,0.0009424071,0.046361882,1.1058106e-09,1.9216455e-09,0.00660566,8.5654417e-10,0.0006323003,4.71533e-10,0.00092740345,9.120446e-10,1.0498146e-09,0.0018536029,0.0006037751,8.3634e-10
Otu32,Bacteria,Firmicutes,Clostridia,Clostridiales,Lachnospiraceae,na,na,6.627746e-10,4.9032868e-05,6.721448e-07,0.0010256682,0.002482441,0.8537727,0.015203165,0.0026737642,4.977503e-10,0.0003480272,9.673498e-09,4.2935114e-10,1.9786337e-07,0.0020893493,1.0522066e-07,6.9944156e-10,3.507819e-10,0.0010770313,0.015902463,6.1480077e-10,0.0025138382,7.166071e-10,0.0068269325,0.0004354256,4.169019e-10,0.004624377,0.00086684927,0.00091700297,9.053535e-10,0.0025653874,3.7102377e-10,0.009818332,2.0358921e-07,0.005912492,0.0016377522,0.005840738,0.0040977257,5.065465e-10,0.0011684416,0.016637608,0.0045949602,4.939382e-10,0.0026031062,0.0011904658,0.01646729,0.0022205333,8.9482205e-10,0.008732872,3.701874e-10,7.292062e-10,0.004350878,0.012876061,0.089883015,1.9889084e-09,6.313894e-10,0.0028703462,0.0006529147,0.0031096376,5.529309e-10,0.019459514,0.0034285758,0.01565332,0.00834739
Otu15,Bacteria,Firmicutes,Clostridia,Clostridiales,Lachnospiraceae,Eisenbergiella,na,0.0361407,1.5621864e-10,3.47716e-10,0.0056431936,0.0692818,0.0024918113,0.0011024722,3.044822e-09,4.9916116e-10,3.1449297e-09,0.00014767692,0.0016878654,6.485441e-10,0.010730968,0.0036739632,1.0022731e-08,2.569632e-10,9.651663e-10,6.089519e-09,0.00071134005,0.005476373,0.013859209,0.001691537,0.0005814146,9.548313e-05,0.0020851362,0.00029587583,0.004336807,0.00020579362,0.024093257,0.0030719135,0.015324293,0.0057052374,0.0002069131,0.0008177721,0.003415661,9.922473e-10,1.2014983e-07,0.0066550076,0.00011461446,0.0018408188,0.0034619265,0.9122596,0.0003773788,0.001825916,0.0016301671,0.01060791,0.018108055,0.0011158972,0.022317506,0.0058593065,0.0026962832,0.011382818,0.0008832318,0.011516905,0.0102055445,6.336064e-10,0.0011445949,6.136494e-10,0.021044154,0.00054953,0.025772171,0.00063256227
Otu19,Bacteria,Firmicutes,Clostridia,Clostridiales,Lachnospiraceae,Faecalicatena,na,9.30443e-10,1.4946772e-10,2.0891301e-10,0.0016309636,0.0032926728,0.00039080117,0.0020491555,5.0876054e-09,5.383052e-10,0.0014896727,3.718809e-10,8.795179e-09,0.00024183695,0.015608137,7.119484e-10,0.00033891562,1.6867675e-06,0.005921517,0.007244945,0.0013616001,0.004975018,1.404058e-05,1.6924768e-06,0.0015576099,7.5850853e-10,0.015887415,3.8836317e-10,8.7414955e-09,4.1159087e-10,0.0036932926,0.001211678,0.009045613,0.0017568516,0.028255722,0.020378098,0.84443825,5.277474e-05,0.0015200139,1.899731e-08,1.2888407e-09,0.0005267339,0.0109356055,0.0005554067,0.0038676935,0.0041681537,0.003494079,0.0066135437,0.0022797226,0.020997511,0.00043752237,0.018642418,0.00015824885,0.038886104,0.006199342,0.00033276106,0.008597142,0.0028572886,0.0068475218,6.245268e-10,0.0031225984,0.0007042908,0.15501401,0.011610044
Otu64,Bacteria,Firmicutes,Clostridia,Clostridiales,Lachnospiraceae,Muricomes,na,1.6476455e-05,3.6742995e-10,9.356767e-09,6.934342e-05,7.4708106e-10,9.933612e-10,9.143146e-06,5.696161e-10,0.0002806331,0.00010328698,8.6194857e-10,3.0260772e-09,4.9627256e-06,8.65758e-10,2.2960857e-07,1.6215736e-05,2.729434e-10,6.829398e-06,0.0008772313,1.1301061e-09,0.009919916,0.000636942,9.64609e-09,0.0006279045,8.081578e-06,1.4819511e-09,1.2562949e-06,6.2655187e-10,4.223885e-07,0.021200681,0.0008677013,0.0011834448,5.023098e-10,6.9536565e-10,0.00548368,0.004720733,9.239488e-10,5.306254e-10,0.1989589,5.630016e-09,4.967303e-07,4.82892e-10,7.342252e-05,5.4899224e-10,1.5669244e-09,5.139855e-10,0.007509233,0.01205849,1.0967944e-09,1.7855727e-06,0.00056545174,1.5046125e-05,0.0011301822,0.00012989788,6.3215703e-06,3.7473215e-05,2.13342e-06,0.0004341073,6.0996896e-10,1.3645679e-09,0.00059222395,0.0013530209,0.00042555956
Otu75,Bacteria,Firmicutes,Clostridia,Clostridiales,Ruminococcaceae,Acetivibrio,na,0.0007199002,0.00014612553,1.6196532e-10,9.0205365e-05,4.793225e-10,6.3923844e-10,0.00058447703,5.299935e-10,4.541881e-10,4.854099e-10,0.0008237422,3.9843528e-10,6.588351e-10,6.551608e-10,4.3242018e-10,2.9676664e-10,1.8687825e-10,3.9202375e-10,1.885143e-09,0.00065602624,3.2826736e-10,0.0001303295,2.641669e-10,5.0343274e-10,0.0010291887,7.474493e-10,3.199985e-10,6.643696e-10,3.875295e-10,2.2903111e-10,3.6361583e-10,1.3632675e-09,5.023874e-10,2.9308544e-10,0.00385718,0.00013200124,6.0643524e-10,5.15747e-09,7.902313e-09,7.302389e-10,0.0009088656,4.82892e-10,0.0035263617,6.462867e-05,0.00089951354,0.00069959427,0.013221281,8.957118e-10,0.012658579,4.7805e-10,0.00025200512,8.7057367e-10,0.00034342366,0.00307419,2.7068549e-05,0.0007010319,4.5279908e-10,0.0016658944,6.1997885e-10,8.5908874e-10,2.0223231e-08,1.3475017e-09,7.2758727e-10
Otu62,Bacteria,Firmicutes,Clostridia,Clostridiales,Ruminococcaceae,Pseudoflavonifractor,na,8.695076e-10,1.8055264e-10,0.00036538308,4.862537e-10,0.006959045,7.8647616e-10,0.0042629023,1.2659734e-08,4.6241883e-10,0.00057918526,5.679079e-10,1.1758025e-09,1.3250577e-09,0.00064847514,3.6507383e-10,3.2045253e-10,1.7226123e-09,4.5207196e-10,0.005026785,0.00025305408,0.0013797139,2.5299862e-05,0.00017934346,0.003457098,4.7768783e-10,0.00046842155,4.2719867e-10,0.023100743,3.8879777e-10,0.004748237,3.5524145e-10,0.0191774,0.00084629346,2.566704e-10,8.094514e-10,7.2217e-10,0.0027626485,0.0019314648,0.0013190975,1.5976678e-09,9.282006e-10,5.359481e-10,0.0027078998,0.002643177,0.0007052113,0.00030478075,7.1738915e-10,0.009220013,0.0024254194,1.9610538e-09,0.021128263,9.039903e-10,0.03665445,0.0025191712,1.9860094e-09,0.0005568837,4.5279908e-10,0.0014733053,8.233462e-10,0.010482857,0.0051957006,0.014985067,0.0038870885
Otu18,Bacteria,Firmicutes,Clostridia,Clostridiales,Lachnospiraceae,Eisenbergiella,na,0.0029294244,6.7762485e-05,2.6983374e-10,0.0031898078,0.0030012224,1.5525029e-09,0.005021092,0.0007664899,0.0017591628,0.004971745,3.084742e-10,0.00034274813,0.0023974874,3.0157611e-05,1.0732041e-09,1.8669963e-09,3.0222047e-10,0.0005157598,0.0041495175,7.828768e-05,0.0005745731,0.84780264,2.5546862e-10,0.000801331,0.0020316807,0.0021246688,4.8205245e-10,1.4269635e-09,1.5277333e-08,0.0017469613,0.0023073906,0.008257444,0.00012593342,3.7395576e-10,0.024408713,0.0020872916,1.1288481e-09,0.0009872406,0.00057996414,0.005117631,0.0017053789,0.002397445,0.0024136144,5.157905e-10,0.0013513791,0.01046614,0.0010223802,0.0004993508,0.011371063,0.0055370573,0.0052066757,0.0007224018,0.0041067563,0.0064927265,0.021861851,0.00040145288,4.5279908e-10,0.0006314718,6.126227e-10,0.001202473,0.002440571,0.004822283,4.056701e-09
Otu107,Bacteria,Firmicutes,Clostridia,Clostridiales,Lachnospiraceae,Johnsonella,na,0.0007320443,3.1353406e-10,1.7888203e-10,3.434796e-10,4.7703236e-10,0.00015898375,0.0015503214,1.8935358e-09,4.5971815e-10,0.00022627521,1.9426163e-09,5.4929616e-10,5.8878086e-10,0.001783016,4.2626702e-10,4.427929e-10,2.495228e-10,1.7116388e-06,0.0017294455,3.3861855e-10,5.7563065e-10,4.698576e-06,5.74239e-10,5.7557137e-10,3.3901773e-10,0.00085164746,3.4384173e-10,0.001142197,3.839897e-10,1.7067092e-06,0.0008318906,0.0023642173,5.0579974e-10,6.421961e-10,9.407028e-10,0.0002848358,1.1392979e-09,0.0035131525,0.00078188005,0.0068182745,0.00032688063,6.016042e-10,2.8564891e-06,2.6274704e-06,0.00839897,8.619121e-10,1.2172005e-09,8.7868335e-07,3.5182593e-10,4.715883e-10,7.21493e-05,1.1707922e-09,0.009873506,7.602146e-10,0.010191665,4.799197e-06,0.00033338155,6.063061e-10,6.8056427e-10,0.00093761156,7.5942597e-10,0.117140844,7.899095e-05
Otu35,Bacteria,Firmicutes,na,na,na,na,na,5.70768e-10,3.9654982e-10,1.8270233e-10,4.8071425e-10,0.0008628033,1.7450832e-09,0.00011744695,0.0005149273,0.0003447813,0.00112312,3.0912856e-10,5.5631516e-10,0.0029555399,0.0007100766,4.5015294e-10,2.507845e-10,2.879098e-10,6.775888e-10,0.0048431647,3.5088404e-10,3.477546e-10,0.00044521768,2.889835e-10,0.0016932529,0.00014160859,0.0006738674,4.9080784e-10,0.013791062,3.856897e-10,6.947337e-10,3.45297e-10,0.007459068,7.4164577e-09,2.373836e-10,1.6964412e-09,0.00010602896,0.0050310367,4.2626946e-10,0.000980589,0.00034070294,0.85308236,4.2803328e-10,1.6292391e-09,0.0004877275,7.221792e-09,4.521472e-10,7.4653184e-10,1.3536307e-10,4.0249584e-10,4.715883e-10,0.00030211676,0.010419499,0.0017742343,0.0029592884,0.00084718067,1.5518635e-10,4.5279908e-10,0.0014593111,6.175477e-10,0.012389708,5.867382e-10,0.0088052545,8.5705226e-10
Otu51,Bacteria,Firmicutes,Clostridia,Clostridiales,Lachnospiraceae,Marvinbryantia,na,5.680225e-10,2.2508315e-10,2.5201835e-10,0.00053499936,0.014403499,0.0015816153,0.00026503007,0.1330451,4.3733864e-10,0.002839788,4.867753e-06,4.5016216e-10,4.1658645e-09,0.0012372035,4.4218862e-10,0.0005097345,2.5228694e-10,1.1495963e-09,0.018297248,0.0028394698,6.1485367e-10,0.0008691977,0.008566067,0.0011737515,3.5889255e-10,5.212954e-10,4.22267e-05,0.007788328,0.00050219643,0.0024442566,0.00044810565,0.018568346,1.1157033e-09,2.8769528e-10,2.883085e-10,0.0046095545,0.00015161217,0.0004880416,0.002723001,7.5671436e-10,0.007949759,4.815657e-10,3.988435e-05,0.00029370622,0.003238624,3.883957e-10,7.428204e-10,0.0009169723,3.5269268e-10,0.002852531,3.2040778e-10,0.77014536,0.008609726,7.175335e-10,4.2068743e-10,0.0015754125,6.0983324e-10,0.003681125,6.3029965e-10,0.0050032493,0.0052418904,0.046952084,8.093572e-10
Otu49,Bacteria,Firmicutes,Clostridia,Clostridiales,Lachnospiraceae,Enterocloster,na,0.00072864775,2.4444712e-06,2.5156788e-10,0.00047491593,0.004988889,7.793636e-10,0.0010564144,5.286063e-10,5.8824534e-10,0.0034689247,2.2640804e-06,4.3280965e-05,0.00012165406,1.1617074e-09,0.006576568,3.9955578e-10,2.1633892e-10,3.988897e-10,0.00048512168,3.6497652e-10,0.0006056462,1.4350777e-09,2.598205e-10,0.014338924,0.0011242493,2.847848e-05,0.0004642243,6.356216e-10,4.9770027e-10,2.1591867e-10,7.8563717e-10,0.0037153463,0.0004673177,2.3923813e-10,0.007372341,0.00025283993,4.0177836e-10,0.00072304875,0.00226965,8.585776e-10,8.3816276e-10,1.0642554e-05,4.039457e-05,5.6886384e-10,1.2987286e-09,0.0033665767,2.7745062e-09,1.353161e-10,0.0073873797,0.0022728783,0.00043085785,0.0012781062,0.0027418286,0.0017971634,0.015617232,2.0489406e-10,4.5956391e-10,0.002618957,6.1999894e-10,0.0017446494,0.013101092,0.007996487,3.12184e-09
Otu17,Bacteria,Firmicutes,Clostridia,Clostridiales,Lachnospiraceae,Roseburia,na,5.719101e-10,2.2754444e-10,2.1255453e-10,5.6846e-10,0.011905457,0.005611724,7.3930833e-06,0.08704138,8.2702484e-10,8.6073415e-10,9.431796e-10,9.728706e-10,5.9100413e-10,0.00078889506,4.2057421e-10,7.8754754e-05,2.5848806e-10,0.9252014,4.193292e-09,6.9105854e-10,5.0871015e-05,1.0257368e-09,0.006076113,4.779705e-05,4.6780474e-10,0.017577587,3.4384173e-10,0.005524424,5.500944e-10,0.28836095,3.424557e-10,6.3479653e-09,0.00027834263,0.017205726,3.43e-08,1.1427873e-06,0.0030033072,0.00016789579,1.0317593e-08,7.302389e-10,9.479024e-10,4.838564e-10,5.880529e-08,0.0010772947,0.00020137246,3.883957e-10,1.1127895e-09,0.06420777,3.5268863e-10,4.8861254e-10,0.004399931,0.014018053,1.1553665e-09,6.9849615e-10,0.0005407353,0.026239628,4.744732e-10,2.066612e-08,6.0996896e-10,8.43944e-10,4.823505e-10,1.3551903e-09,0.008293005
Otu36,Bacteria,Firmicutes,Clostridia,Clostridiales,Lachnospiraceae,na,na,1.1333403e-09,2.3445604e-10,1.6814897e-10,0.0014722026,0.0026195059,0.00081621023,0.0022140113,0.006139628,4.5681534e-10,0.00012475623,6.204971e-07,3.7000774e-08,5.8883365e-10,2.521771e-08,2.746755e-09,4.032583e-10,4.0592654e-10,3.7574638e-10,0.005117772,0.0021197044,0.00066739897,5.42497e-10,0.0016326606,4.833063e-09,3.8731446e-10,0.82866246,3.4384173e-10,6.4168665e-10,4.2230977e-10,0.0053515225,0.00086304394,0.04969813,0.0026223813,0.00039456403,0.002635468,0.0009290611,3.7028866e-07,0.0011561186,0.00024306428,0.0056490316,1.3078146e-09,5.498594e-10,0.0016265272,6.8986705e-10,0.0012057961,0.006331746,0.0011744719,0.00014200035,3.9760184e-06,4.749436e-10,0.011391876,0.0013736738,0.008299393,0.0059061553,6.205652e-10,0.0084983,4.5279908e-10,0.0034837085,6.9038036e-10,0.0048324466,0.009725216,0.02113783,0.0019740546
Otu71,Bacteria,Firmicutes,Clostridia,Clostridiales,Lachnospiraceae,na,na,0.0009885501,3.1249284e-10,1.47429155e-05,0.0019612191,0.001522724,0.0008701091,1.6669073e-09,0.0014298308,4.541881e-10,0.00031298396,9.143406e-10,0.0015361698,5.074815e-10,8.139499e-10,5.6375513e-05,7.4892703e-10,1.8585238e-10,3.6303596e-10,2.976996e-09,0.00016434037,2.3372852e-06,4.814974e-10,2.8332922e-10,0.0016577176,8.348593e-10,7.477531e-10,3.4384173e-10,6.260108e-10,9.2525854e-10,0.0025948365,3.4273276e-10,0.006177771,4.5352566e-10,6.761723e-09,6.2867955e-10,5.289862e-10,5.7797406e-10,4.687006e-10,0.00018132204,7.302389e-10,0.0031340257,0.0010589358,0.00016982376,0.0013959896,1.2842201e-09,0.000884308,0.0024775423,0.0011466882,0.010183287,0.007572766,6.0036365e-10,0.00030905064,1.0834593e-09,0.00560829,2.5301643e-09,0.00065498735,4.5279908e-10,0.0006381597,6.7551026e-10,8.486866e-10,8.271211e-10,0.0003433576,0.00014478699
Otu12,Bacteria,Actinobacteria,Coriobacteriia,Eggerthellales,Eggerthellaceae,Adlercreutzia,na,0.029060164,2.652608e-10,0.00012400575,0.0030730134,0.022396026,0.012643117,1.3248439e-09,0.00138033,4.5530527e-10,1.7928705e-05,5.909567e-10,0.0010748296,3.640545e-09,0.00029513397,2.303178e-09,8.3251067e-10,2.3434418e-10,3.498017e-09,0.002687632,5.496961e-10,0.0062222457,0.004130611,3.4115394e-10,0.0010078908,0.0009695125,1.6610207e-09,0.0020625473,0.014108632,0.910284,1.1345938e-09,2.6899876e-09,4.1756225e-09,0.015138741,0.002180118,0.0022780162,0.0039875084,0.0036518888,4.078658e-09,2.7401715e-08,6.410659e-10,0.0011766109,0.004678948,0.006384363,0.010056005,0.0020731266,0.0045619057,0.001054403,1.3141091e-08,0.00063201255,4.743053e-10,1.609559e-08,2.8220429e-08,1.7664207e-09,0.0005517862,0.017205777,0.003112852,0.0043824213,0.011238184,6.175865e-10,2.3669132e-07,0.00984184,0.0014780682,0.016028985
Otu78,Bacteria,Firmicutes,Clostridia,Clostridiales,Ruminococcaceae,Intestinimonas,na,0.007257243,1.695249e-10,1.7320555e-10,5.2912974e-10,0.005621537,1.8037541e-05,1.2788618e-09,0.00093167427,0.001878124,4.6060356e-10,1.673464e-10,4.5003512e-10,6.6832756e-10,0.0016739281,0.004195024,0.0007433641,2.5399324e-10,7.437969e-10,0.0003076014,0.0006678131,0.001489518,4.7662085e-10,0.001089104,0.0014355008,3.5861678e-10,0.00015192512,3.4384173e-10,1.0266943e-09,3.4425737e-10,0.0018649861,3.4273276e-10,0.00181712,0.0015479024,2.6591485e-10,2.8889474e-10,0.005156997,1.2337512e-09,4.689984e-10,0.008212809,7.29184e-10,0.00016284846,4.7960774e-10,9.544035e-09,5.8975724e-10,0.002332361,3.883957e-10,1.0818993e-08,4.695054e-10,8.288813e-06,0.016375532,0.0005270907,8.343806e-05,0.020798985,2.2977675e-09,0.0011449003,0.0008767534,5.873553e-10,6.179992e-10,6.0996896e-10,0.00041364724,0.007400686,0.00016637688,0.0003731772
Otu57,Bacteria,Firmicutes,Clostridia,Clostridiales,Lachnospiraceae,Roseburia,na,2.6163793e-09,2.3938598e-10,5.564334e-10,5.5459937e-10,5.854172e-10,1.1949746e-09,0.012722706,6.0582245e-10,5.075859e-10,0.0016307064,0.0011565782,4.4341157e-09,8.2082535e-10,0.002600649,4.4669504e-10,4.697638e-10,1.9034103e-10,8.491998e-10,0.0032897464,8.0013113e-10,3.6046927e-10,1.241698e-09,2.662073e-10,0.0014742753,3.656815e-10,8.3524393e-10,0.0008698024,1.3585673e-09,4.2998738e-10,2.8125674e-10,0.0005759239,0.0052851797,5.823984e-10,5.0459553e-10,0.009424001,0.0005197659,1.3258806e-09,1.1484849e-09,0.00048744047,1.35049e-09,0.0041927136,4.8061694e-10,9.807011e-10,6.4337274e-10,0.0010130738,0.0003640584,7.4273826e-10,1.4278033e-10,0.008871656,5.820262e-10,0.003536547,0.0001286478,0.0035255062,0.008369511,0.00012419156,4.846691e-10,4.5279908e-10,5.8798616e-10,6.2202204e-10,0.0005707951,0.0075742626,0.003527601,1.5857156e-08
Otu122,Bacteria,Firmicutes,Clostridia,Clostridiales,Lachnospiraceae,na,na,1.5115059e-09,2.5900293e-10,1.7408057e-10,6.350587e-10,4.68579e-10,1.736445e-08,0.0047009345,5.327157e-10,0.0027521162,5.0169036e-10,3.2778713e-10,0.00020517071,5.8883365e-10,0.000578632,4.4278617e-10,2.488177e-10,3.1675274e-10,4.0251083e-10,0.015271267,3.4178768e-10,3.477546e-10,4.8174725e-10,5.459522e-10,4.4683326e-10,4.449764e-10,0.0015372939,3.4384173e-10,3.5584369e-09,3.908879e-10,2.1921265e-10,0.0006379424,0.0025832176,5.023874e-10,0.00024841234,0.00018104955,0.0021698729,3.995286e-10,0.00019561415,0.00080752355,7.515749e-10,7.9655615e-10,4.82892e-10,9.410412e-10,5.457724e-10,9.273101e-10,4.7981543e-05,7.5585765e-10,0.001155973,0.0001313541,4.715883e-10,3.7038303e-10,1.5790189e-05,0.00092085975,0.00051912165,4.743251e-10,0.0002530821,0.0015491631,0.000621271,6.0996896e-10,0.00089645555,5.30183e-10,0.021508291,0.0010383853
Otu25,Bacteria,Bacteroidetes,Bacteroidia,Bacteroidales,na,na,na,8.458766e-10,3.6684242e-10,0.00012832767,0.00079514977,0.00029583144,3.993515e-09,0.0042607035,3.734089e-09,0.0010470875,0.0010903559,1.2499914e-09,0.004433123,1.7487727e-09,0.0003660324,0.9555901,3.63482e-10,2.539206e-10,0.0011430979,1.4516554e-09,0.00064862735,8.860903e-10,2.7324513e-05,0.008371232,0.0035210026,3.640447e-10,0.00069615524,0.0004025636,0.0022789498,4.4279974e-10,0.0016248876,0.0016581878,0.007148875,0.015588949,0.0029455253,7.483823e-05,0.0031583793,0.0049057296,0.0011983956,0.0029384652,8.36883e-10,0.003911313,0.00028947098,2.3004194e-09,0.008253688,0.0008086139,3.890556e-10,6.886837e-10,0.020004503,4.206406e-10,6.8913425e-10,3.9295836e-10,0.003069632,0.01117895,7.2011097e-10,2.9847842e-09,0.0030618354,0.0098118195,6.5189987e-10,0.016783807,7.2078336e-05,0.015680524,0.00050600426,0.00804536
Otu101,Bacteria,Firmicutes,Clostridia,Clostridiales,Lachnospiraceae,Anaerotignum,na,5.6620963e-10,2.6091632e-10,2.487423e-10,3.3968647e-10,0.010464243,7.499185e-10,1.2136553e-09,0.015015547,1.9777683e-08,0.0002399887,1.8720983e-09,0.00020585905,0.0005651182,0.00029997673,0.00044773554,2.236701e-10,2.4408314e-10,0.0011491997,2.0440603e-09,3.4386968e-10,3.65194e-09,4.711606e-10,0.00042372834,9.161624e-10,3.6356732e-10,0.0022956592,3.4384173e-10,5.963498e-10,0.0032502366,0.00023435385,3.4273276e-10,0.009089219,9.3713346e-08,2.3721883e-10,2.8889474e-10,0.0005071703,5.747837e-10,4.689984e-10,6.630368e-09,7.302389e-10,7.3653383e-10,4.82892e-10,1.0304118e-09,5.2733773e-10,9.103809e-10,6.369211e-10,7.428204e-10,0.00066323945,1.8198686e-09,0.004301717,0.00034752174,5.454389e-06,1.0909286e-09,9.175012e-10,0.00035106408,0.00030962762,5.4600074e-10,1.6206481e-09,6.1706373e-10,8.218648e-10,0.0003564483,0.0007579987,2.1104254e-09
Otu50,Bacteria,Firmicutes,Clostridia,Clostridiales,Lachnospiraceae,Enterocloster,na,5.6563104e-10,2.185971e-10,2.9172367e-10,7.537798e-10,0.0021671809,0.009052308,0.010875606,0.015880495,1.845245e-08,2.9692622e-09,4.7371623e-10,0.0010660518,0.0005937,0.0037770034,1.0066389e-09,6.7991357e-10,2.597875e-10,0.0024364793,0.0022940782,9.290873e-05,0.0031643,0.00054996705,0.001853976,0.0006799417,3.8904474e-10,0.00025610256,3.4384173e-10,0.84758466,0.0014260245,0.0084069185,4.5043493e-05,0.012331848,0.001796236,0.0010143651,3.2619757e-10,0.00072576175,9.6296e-08,0.0007738291,0.0019502714,8.628575e-10,0.0070882393,4.906462e-10,1.1429093e-09,0.00095611095,0.0010184919,3.8838163e-10,7.428204e-10,0.003077786,3.5810874e-10,5.0832766e-10,0.00022347773,1.2471178e-07,0.013514676,0.00043200672,4.5052323e-10,0.006000222,0.00063011755,0.0039952733,6.0996896e-10,0.002548243,0.010969023,0.022638675,0.0065111257
Otu72,Bacteria,Firmicutes,Clostridia,Clostridiales,Lachnospiraceae,Cellulosilyticum,na,5.6584465e-10,0.00019606753,1.779235e-10,0.00011219549,4.7921467e-10,7.539529e-10,1.0888248e-09,5.299935e-10,4.5045764e-10,4.873283e-10,3.1131786e-10,4.4966442e-10,0.0024130272,6.275649e-10,4.3529497e-10,2.6901711e-10,2.380418e-10,4.0251083e-10,1.7990426e-09,1.5549263e-07,3.477546e-10,0.00097478606,2.5967486e-10,0.0006586366,0.00024982533,7.774201e-10,0.0011090456,5.963498e-10,7.6016693e-10,2.1570462e-10,3.4273276e-10,1.4085129e-09,5.056647e-10,2.3779462e-10,2.9968478e-10,4.853398e-10,3.9413275e-10,4.689984e-10,8.870061e-09,7.302389e-10,0.005454704,0.00038176455,9.490569e-10,5.4614935e-10,9.814918e-10,3.883957e-10,7.428204e-10,1.340609e-10,1.3401938e-05,4.7157483e-10,0.00021966815,8.7978125e-10,1.097348e-09,7.030272e-10,0.00028036904,1.5518635e-10,4.5279908e-10,5.9825805e-10,6.140007e-10,8.5908874e-10,2.1917525e-05,1.3475017e-09,7.320221e-10
Otu16,Bacteria,Firmicutes,Clostridia,Clostridiales,Lachnospiraceae,na,na,0.008207696,1.9056996e-10,3.461266e-10,0.00028179056,0.0028337094,9.712295e-10,0.0022370033,0.007653486,4.1941328e-10,6.7447264e-10,1.1511728e-09,4.590758e-10,0.00085347064,0.0054771216,0.0028695057,0.0018322882,2.6436117e-10,2.8724993e-05,0.0002923261,1.1138467e-09,0.0005485063,0.0011424294,1.3561039e-09,0.0017078432,0.00015442524,9.220148e-09,9.64484e-05,1.1466417e-08,0.0009945851,0.007872529,0.0006408107,0.015084963,0.0035249249,0.0050747795,0.00023023621,0.002575301,1.2764016e-08,0.0047417926,0.012694078,3.0129874e-07,0.0060781357,0.004914656,0.0016640761,0.89237016,0.0004242796,0.00617924,7.573657e-10,0.0011753363,0.022400215,5.8329425e-10,2.0264693e-05,0.0030536242,2.9476768e-09,0.017963596,0.0026494542,1.2027591e-05,9.5911425e-08,0.02340896,6.0899596e-10,0.0037701589,0.0062447074,0.0008678316,7.251102e-10
Otu40,Bacteria,Firmicutes,Clostridia,Clostridiales,Lachnospiraceae,na,na,7.3474493e-10,2.8377029e-10,1.7693193e-10,6.068609e-10,4.152885e-10,6.997213e-10,0.7781887,0.017274227,4.590479e-10,1.4680954e-09,2.095435e-09,0.002776451,6.48971e-10,7.094443e-10,5.3261073e-10,2.7056032e-10,3.9157483e-10,4.99759e-10,0.0043071397,3.950363e-08,3.477546e-10,0.00025035065,2.7625696e-10,0.0020399399,4.621501e-10,0.020644112,3.4384173e-10,8.205577e-10,5.4885774e-10,1.3919668e-09,0.0030675398,0.006340684,9.925107e-10,2.905607e-10,0.0060088923,0.0035786193,3.931492e-10,0.016806282,2.669079e-08,0.015157105,0.0067043165,1.6871605e-05,0.00022971476,1.5605275e-09,2.2773798e-09,5.4283533e-05,8.175733e-10,1.353161e-10,4.8942433e-10,4.715883e-10,0.008699938,9.678666e-10,0.0074777445,0.0012777703,6.7192596e-10,0.00038882997,4.5279908e-10,6.998375e-10,5.3239285e-10,1.0153536e-09,0.00070055923,0.018289538,0.0029901534
Otu21,Bacteria,Firmicutes,Clostridia,Clostridiales,Ruminococcaceae,Ruminococcus,na,3.7794403e-09,2.493982e-10,2.1320987e-10,0.0017561001,0.00049725774,0.0012971137,0.00082850584,0.018957766,4.541881e-10,0.0054612085,2.071718e-09,0.0027351347,0.00021628522,0.8726387,1.4492143e-09,0.00040154372,4.2964268e-10,3.8333146e-09,0.0025519053,0.006117395,0.003635333,1.4510249e-09,0.03671774,5.953832e-10,5.020845e-09,0.0013872932,3.4382402e-10,0.00099008,7.52019e-10,0.015043362,1.2943151e-07,0.019563602,0.00887783,0.0071802703,3.1229717e-09,0.012687803,0.0046367715,0.002013123,0.00014914242,0.0015501932,0.00084523996,5.0472276e-10,0.0099411355,0.006595342,1.7910579e-09,5.8187116e-10,0.00088148797,0.03867523,2.9732251e-05,0.00080280966,3.3986314e-10,0.0014090645,0.015847662,0.024515366,3.6935355e-05,0.011390393,2.181865e-09,0.0034459406,5.1922344e-10,0.010699776,0.0002523914,0.005438003,0.005795759
Otu67,Bacteria,Firmicutes,Clostridia,Clostridiales,Lachnospiraceae,na,na,5.744157e-10,2.115683e-10,4.8227544e-10,0.0019083121,0.004621073,0.005354788,0.016248198,0.0017487037,0.00053507084,0.003898681,0.0001253997,4.538694e-10,5.9300953e-10,1.1471973e-08,4.2231618e-10,3.92423e-10,0.00019359443,0.009303944,5.9275482e-09,0.00072762836,0.00018829557,0.00021185314,0.0002838657,4.252335e-10,3.973048e-10,0.0048051826,5.078008e-10,0.004454973,0.0011172491,8.966961e-09,3.3694328e-10,0.0008258195,7.549774e-10,0.024976095,2.9389396e-10,0.00033175488,2.0915405e-09,5.1588744e-10,0.0003093257,0.0019412419,0.00028537354,7.094352e-10,0.0030306713,0.0006854676,0.0057074092,0.0005794524,0.000895132,0.0031984881,3.4617717e-10,4.7158566e-10,0.00019992165,0.00047238413,0.001633881,7.670738e-05,5.5144017e-10,4.605488e-05,0.002056676,0.005022433,6.1413885e-10,0.00082586263,0.00047213712,0.004656762,0.006128458
Otu29,Bacteria,Firmicutes,Clostridia,Clostridiales,Peptostreptococcaceae,Romboutsia,na,5.748651e-10,9.109643e-05,2.1578126e-09,0.0011368877,0.0012680652,2.7208276e-09,1.2141647e-09,7.2249995e-10,6.4245087e-10,4.8584614e-10,0.006607693,4.992791e-10,5.8563593e-10,0.0023508891,2.7607697e-08,0.00043854845,3.0836175e-10,5.191658e-10,1.8248167e-09,0.0017891044,0.7988067,4.7670445e-10,0.005625349,0.00037626174,0.00018882296,9.66541e-10,3.6273864e-10,0.00065510446,8.658063e-10,4.1599656e-06,3.416128e-10,1.5517153e-09,0.001916938,2.5843117e-09,2.58928e-10,4.975226e-10,0.0028540408,4.689984e-10,0.003130591,9.387674e-10,7.3653383e-10,4.828174e-10,8.0046e-10,8.212321e-10,9.814843e-10,4.2154324e-10,7.424181e-10,2.453775e-10,0.00039071537,0.008677247,3.709571e-10,8.8860136e-10,1.3430453e-09,6.986921e-10,4.9677185e-10,2.9907932e-10,4.83207e-10,8.730858e-10,6.0996896e-10,1.0937458e-09,0.0048254095,1.3475017e-09,8.4567253e-10
Otu6,Bacteria,Firmicutes,Clostridia,Clostridiales,Eubacteriaceae,Eubacterium,Eubacterium coprostanoligenes,0.0060865097,7.40022e-05,8.32341e-10,0.012392207,0.38495874,0.0032598632,4.6023905e-09,0.0036996587,0.0029731926,0.0028499337,1.6777858e-09,0.011505227,2.1604729e-08,0.018763406,4.8684597e-05,0.98306954,3.489894e-10,1.8527437e-09,4.3281094e-09,2.5897662e-09,0.017989181,0.0039017817,0.060737837,0.01553746,0.00018128293,0.0029964573,0.00083739666,0.00043046277,1.0414813e-09,0.09003931,1.5546051e-09,0.0012593217,1.9930881e-07,0.3484148,0.012157882,3.780353e-08,0.032075107,0.008047124,1.03091145e-08,0.002170395,0.010449003,0.0014348758,0.0025580851,0.023394478,0.0074305586,0.28731564,0.013507903,0.057972446,0.00017656555,0.004735421,3.9446327e-10,0.022747098,0.0044474145,0.01578198,0.0006588321,0.44543856,0.018069139,0.0014349298,6.101668e-10,0.010583943,0.059032723,0.00027156694,0.0010353037
Otu3,Bacteria,Firmicutes,Erysipelotrichia,Erysipelotrichales,Erysipelotrichaceae,Turicibacter,na,0.6495866,7.135958e-10,1.3561192e-09,0.018976104,8.7066515e-10,0.0043449653,2.4871179e-08,8.0927265e-10,6.5112077e-10,6.7027267e-10,7.0096773e-10,0.024674132,0.013006361,2.4267832e-08,5.7448307e-10,6.3327904e-10,0.99892706,5.388687e-10,5.1248485e-09,5.1018867e-10,0.007988006,0.033284932,5.2817195e-06,0.022426823,0.41365317,1.4293134e-09,0.033949967,3.8756722e-09,0.018547159,2.092149e-10,0.0049587977,1.7064247e-09,0.0018118406,9.0324215e-10,0.037743397,0.0032885638,0.0011087335,0.0033411346,3.5691503e-08,0.020225698,0.0033509994,0.031446397,1.5438689e-09,0.0023131634,3.4699943e-09,0.5816874,0.14842002,1.3531506e-10,0.656506,0.037513167,0.0066480744,8.975202e-10,9.723446e-10,0.01955511,0.014054909,1.5518635e-10,0.001198174,0.039943602,6.659209e-10,0.010577741,1.231885e-09,1.2374406e-09,7.4323965e-09
Otu104,Bacteria,Firmicutes,Clostridia,Clostridiales,Ruminococcaceae,Flintibacter,na,5.735727e-10,1.8146859e-10,2.0418062e-10,7.9211954e-10,0.0023038993,5.8865146e-10,0.0055383127,0.00274875,4.675182e-10,5.9959093e-10,0.00014756543,2.4276626e-06,5.8952365e-10,0.00090484193,4.6640153e-10,3.3442063e-10,2.4646576e-10,3.5880238e-10,0.0015731852,3.0054996e-09,2.1599136e-09,0.0014479164,1.3443218e-09,6.283944e-10,3.5789727e-10,0.00073025393,3.4384173e-10,0.012876093,0.0002730543,0.00039311632,3.409183e-10,0.012792492,5.0850235e-10,3.0286804e-10,0.0009111639,0.0032730855,4.5193663e-10,0.00017959451,0.00064818806,8.0861845e-10,2.7806042e-09,0.0016460952,1.2637901e-09,5.457172e-10,2.0159774e-09,5.17221e-10,0.0005503416,0.0005148563,3.5633472e-09,4.3658155e-10,0.005693022,0.008646871,0.010227214,0.0015059124,4.5051554e-10,1.7548331e-10,4.6603504e-10,2.1049779e-08,6.0996896e-10,0.0076690414,0.0004146484,0.016066328,0.0024462906
Otu39,Bacteria,Firmicutes,Clostridia,Clostridiales,Lachnospiraceae,Anaerostipes,na,0.01326541,1.8312616e-09,1.878193e-10,0.0020383166,0.0063653933,8.1469204e-10,0.00027815194,0.0074254237,4.5658885e-10,6.2894867e-10,4.0016648e-10,1.678762e-09,6.611034e-10,5.0349973e-09,5.0391763e-10,4.641147e-10,2.5166408e-10,4.0981757e-10,0.0022112036,3.6377695e-10,3.8889808e-10,0.0026412688,8.35299e-05,0.0029630777,6.7011596e-10,0.00012097554,3.4384173e-10,8.5237134e-10,3.7376055e-10,1.5870768e-05,3.4347616e-10,0.011492983,0.0011541911,0.00010957269,0.017670618,0.0009834495,1.3532052e-05,0.0032265396,0.0039955974,0.0023639775,1.698363e-08,6.754542e-10,0.0018161592,3.4889315e-08,0.0021531505,9.152918e-09,8.8446504e-05,0.00017711974,0.014126699,2.657762e-06,0.01602897,8.874835e-10,0.007849792,0.76701105,9.721183e-10,0.00028974432,0.0072518643,7.1416895e-10,6.0996896e-10,0.006765698,0.0024769283,0.0057898434,1.6086105e-09
Otu10,Bacteria,Firmicutes,Erysipelotrichia,Erysipelotrichales,Erysipelotrichaceae,Faecalibaculum,Faecalibaculum rodentium,5.6620963e-10,2.9616942e-10,2.3007098e-10,6.2260685e-10,3.9413126e-09,1.2608719e-09,8.34634e-09,1.1276774e-09,4.5415952e-10,0.0015780325,8.98616e-10,4.52093e-10,5.8883365e-10,0.010797308,1.3389118e-09,3.4242367e-10,2.5290461e-10,2.1226787e-09,0.0015579747,0.93079287,1.1782509e-09,6.253208e-10,0.030453943,6.511761e-10,3.5662368e-10,2.3368765e-09,3.4376763e-10,8.4338464e-10,5.263033e-10,0.11838233,0.0035367778,2.568026e-09,6.797068e-10,0.0074775056,2.8887934e-10,2.1918758e-09,2.7217397e-09,4.7407356e-10,0.0003765357,0.0071602315,0.00041189604,4.849716e-10,5.7509425e-07,1.968681e-09,0.00016868711,3.8875442e-10,7.604373e-10,0.14319314,3.6150305e-10,5.0980353e-10,2.9829025e-10,1.110507e-09,6.977181e-09,1.1446857e-09,9.0801355e-10,0.28721386,4.5279908e-10,7.2814765e-10,0.00036537414,8.4587787e-10,0.003470389,2.337653e-08,1.1000928e-09
Otu52,Bacteria,Firmicutes,Clostridia,Clostridiales,Lachnospiraceae,Anaerocolumna,na,3.9607366e-09,2.1778805e-10,1.7552121e-10,0.0013991948,4.858688e-10,0.0109907705,0.0016585817,5.291319e-10,4.541881e-10,0.0023466737,2.583838e-09,3.8039563e-10,6.329541e-10,6.5004e-10,4.417823e-10,4.3826154e-10,2.8645167e-10,3.919648e-09,0.0063925926,8.0893e-10,4.2320503e-10,7.0523754e-10,5.320454e-10,0.0007670448,5.078961e-10,0.0021566306,3.5790182e-10,6.1465605e-10,1.4619911e-09,3.4352998e-10,1.4246389e-09,0.007751297,7.2731634e-09,2.3945818e-10,0.0061032157,0.00013300825,9.076942e-05,0.0014389082,0.009617125,0.00047454095,0.004201638,4.858817e-10,4.5046195e-06,0.002240971,0.005044609,3.965913e-10,7.6135304e-10,1.1423489e-05,3.2256449e-09,4.715883e-10,0.0070060566,8.384993e-10,0.01346105,0.003530137,0.0006908245,0.00012096478,4.8713156e-10,5.795e-10,4.6524254e-10,0.005655832,0.0040727323,0.012106615,3.497295e-07
Otu2,Bacteria,Verrucomicrobia,Verrucomicrobiae,Verrucomicrobiales,Akkermansiaceae,Akkermansia,na,4.857525e-10,3.20719e-10,0.9956392,0.0002739545,0.0011449379,1.0786229e-09,0.00035479764,5.726938e-09,0.03510242,1.4827769e-09,7.6546547e-10,0.00079806335,0.0022924445,1.6693022e-08,0.019525593,6.916806e-10,0.00039516581,0.003418373,2.6595985e-09,0.011967962,0.05478002,3.0164016e-09,0.41340724,0.0025714308,4.658272e-10,1.1449511e-09,7.2834943e-09,3.3159233e-09,0.00019542003,0.15194917,0.018386533,2.8971285e-09,0.012592995,0.4912982,0.0012089993,8.181916e-10,0.097324744,0.012100493,2.4103016e-05,7.926503e-10,7.5072554e-10,0.0008609682,3.9266183e-07,9.2461436e-05,0.0037111733,0.00072565966,0.0006197898,0.026644621,0.01570968,6.9784967e-10,0.0054022186,0.0023288224,1.0972286e-09,7.2569517e-10,0.00024621023,0.005208971,0.00085230055,2.4855838e-08,7.691957e-10,9.676586e-10,0.00027177518,2.0196473e-09,0.035151545
Otu30,Bacteria,Firmicutes,Clostridia,Clostridiales,Lachnospiraceae,na,na,5.6620963e-10,8.3088016e-05,4.0171383e-10,5.090193e-10,5.986077e-10,0.0013950926,5.299669e-07,0.0006190677,4.541881e-10,5.0125226e-10,1.4211163e-08,0.00075422827,0.004133817,6.358653e-10,4.610786e-10,2.8732358e-10,2.3314933e-10,4.0244863e-10,0.0009605295,1.3952658e-09,3.4753378e-10,5.8585714e-09,5.9701535e-05,2.023501e-09,0.0008288501,6.663135e-10,0.001988874,2.0406225e-05,2.9379243e-10,2.1564334e-10,0.93614435,0.0007585001,7.21521e-10,2.2611932e-10,2.8889474e-10,2.824513e-09,4.7813464e-05,4.7287607e-10,0.00051525404,1.1174963e-09,5.8120695e-05,5.25964e-10,0.0014748607,6.1146815e-10,1.0039722e-09,3.883957e-10,7.428204e-10,1.7668417e-10,0.0019821557,5.1696425e-10,3.2135644e-10,0.0012421184,0.0019035348,7.211089e-10,0.0046959626,1.5518635e-10,5.861477e-10,0.00080185605,6.0996896e-10,8.5908874e-10,0.0014207256,0.00490528,0.00018186528
Otu83,Bacteria,Firmicutes,Clostridia,Clostridiales,Lachnospiraceae,na,na,5.720475e-10,2.3172365e-10,1.7760511e-10,5.1566523e-10,4.7406457e-10,8.316864e-10,0.00027972023,4.8167903e-10,4.2117046e-10,4.2753848e-10,0.00019070633,4.4962842e-10,5.8883365e-10,7.361269e-10,5.2677683e-06,3.6872602e-10,2.1665524e-10,4.0251083e-10,0.022072604,0.0015789161,3.477546e-10,5.058982e-10,9.1000407e-10,5.174772e-10,2.7345792e-10,6.980708e-10,3.4384173e-10,1.2427025e-06,3.9157816e-10,2.1591744e-10,3.4273276e-10,0.0037792644,5.023874e-10,2.3779462e-10,2.9589803e-10,6.5943984e-10,3.9413275e-10,6.779238e-05,0.0001746209,7.438084e-10,8.0660073e-10,4.82892e-10,0.00032521426,5.4707516e-10,2.090621e-05,0.0002855974,7.428204e-10,1.353161e-10,3.681707e-10,4.715883e-10,0.0031402037,4.7621884e-09,0.0057172836,7.0400547e-10,4.7518894e-10,1.5518635e-10,4.5279908e-10,5.9803446e-10,6.0996896e-10,0.004969797,2.271372e-05,0.00076667784,0.0022126357
Otu54,Bacteria,Firmicutes,Clostridia,Clostridiales,Ruminococcaceae,na,na,6.124895e-10,2.3631427e-10,2.2836329e-10,0.00044181396,5.111391e-10,0.004054853,0.021429025,0.004082106,4.6696036e-10,0.00010553105,9.0185953e-10,4.0205228e-10,7.746852e-10,0.00013375924,0.005041507,3.3374264e-10,2.2633281e-10,4.674866e-10,0.01580737,0.0005377899,3.4825043e-10,0.0010960551,0.00013648118,0.00024731847,4.806499e-10,0.003962985,3.4384173e-10,0.00041293143,7.48647e-05,0.00018895982,2.849093e-10,0.05114517,0.00085566967,2.550901e-10,4.0225365e-10,0.010394001,4.2716422e-10,4.62445e-05,0.00077795406,0.004936234,0.00048082194,7.999384e-10,0.002054513,9.487399e-10,5.453905e-09,0.00067744567,2.8017977e-09,5.7953373e-05,7.6139267e-10,0.0018017214,0.00066292234,0.010465593,0.16153511,2.4320836e-09,3.8227685e-10,2.6939598e-10,2.642314e-09,0.0010640392,5.8445715e-10,0.035332397,0.0021561433,0.012155209,0.0011652249
Otu41,Bacteria,Firmicutes,Clostridia,Clostridiales,Lachnospiraceae,Hespellia,na,0.0039103585,4.3349795e-05,2.0447485e-10,1.4012048e-09,0.054161135,0.00024169988,0.00088397175,0.0027739427,4.2146298e-10,6.530421e-10,3.7753548e-10,3.7896467e-10,0.024784919,0.0014775922,4.9265987e-09,4.91372e-10,2.5067623e-10,8.7569174e-10,0.0006675263,9.68844e-10,0.0017351044,0.0019862,0.0005094499,0.0018978838,1.6673423e-05,0.0028071103,3.4446074e-10,0.012402578,0.00015669875,0.014512855,3.4519754e-10,0.00020655512,0.008449878,0.00088698074,0.0026922615,0.010011716,0.00048425642,0.0012664462,0.0021421113,0.0018523947,0.0013602899,0.00273141,0.0019192667,6.476821e-10,2.568608e-09,0.0015717342,7.426985e-10,0.0032613114,2.6286806e-09,4.5847698e-10,8.356075e-05,0.014552783,0.004230914,0.0001628545,1.06948574e-08,2.692552e-10,0.005929661,0.8358314,6.1311595e-10,1.5012365e-09,0.0058203326,0.013943642,0.0066736685
Otu1,Bacteria,Firmicutes,Bacilli,Lactobacillales,Lactobacillaceae,Lactobacillus,na,5.390695e-06,0.99904174,2.3048649e-10,0.013391928,1.4041374e-08,0.015927333,0.008285869,0.008969028,2.897246e-09,6.9593054e-10,7.5427675e-10,2.8007465e-09,0.009792823,1.4504007e-08,6.6210437e-10,3.4608755e-10,5.150218e-10,0.017642865,0.0042305724,8.551291e-10,0.038467348,0.02965749,2.610091e-10,0.03299593,0.5432475,1.1653241e-09,0.090862975,0.0009167879,0.0049852333,5.9576927e-10,4.2708323e-10,0.002426749,0.019660907,2.4331537e-10,0.16069561,0.002107144,0.016860543,4.507899e-09,0.0009807141,0.0048163366,0.010858843,0.15657252,0.0070306603,1.170687e-08,0.024074329,0.0009709232,0.006107027,1.353161e-10,0.008638711,0.02383935,0.67799854,0.014965386,0.009862015,0.013958301,0.6931525,1.9089921e-10,0.011438308,0.0027772335,7.43888e-10,0.003998096,0.24910222,0.011590257,0.0076970486
Otu76,Bacteria,Firmicutes,Clostridia,Clostridiales,Lachnospiraceae,Muricomes,na,5.7153055e-10,1.8907252e-10,1.5358571e-10,5.857782e-10,5.145922e-10,6.0844947e-09,0.0034346147,0.005818643,4.541881e-10,7.1120665e-10,1.6361653e-05,3.829516e-10,5.8883365e-10,0.00044006694,4.1370335e-10,2.6824443e-10,3.0792507e-10,4.2556775e-10,0.33551058,6.365247e-05,3.477546e-10,7.499185e-10,3.3240616e-10,0.00020289225,3.5748177e-10,0.0126037,3.5991854e-10,0.00039426718,3.9525197e-10,2.1493499e-10,2.875762e-07,0.020856315,5.5210675e-10,0.0002257604,0.0010270526,0.005642913,4.6450288e-10,6.2837374e-10,2.4425843e-05,0.017569352,0.0018088694,4.82892e-10,0.00010219511,0.0005585558,0.0012345227,3.8932876e-10,7.7496987e-10,1.353161e-10,1.5508255e-09,4.7158744e-10,0.006011671,0.0028970917,0.02037024,0.00051756034,4.6377505e-10,1.5626693e-10,5.3417937e-10,5.505192e-10,6.0996896e-10,0.0012538148,0.0016916599,0.0125636505,1.7957265e-05
Otu93,Bacteria,Firmicutes,Clostridia,Clostridiales,Lachnospiraceae,na,na,0.00027165536,1.7353743e-10,5.1677973e-10,6.18026e-09,0.0027650506,0.011938569,0.0013237726,1.5343711e-09,4.6528e-10,7.098515e-06,0.0012056058,8.9471147e-10,5.8815797e-10,1.2534509e-09,4.4824924e-10,3.7946102e-10,4.052195e-10,0.00130787,1.09498245e-07,0.004226448,3.402202e-10,9.477038e-10,0.0027127487,0.00031249734,3.4489483e-10,0.0023169373,3.4453498e-10,0.0010903241,0.00032314972,0.0052129272,0.00090928556,0.010732769,0.00069292594,2.8729774e-10,3.2050151e-10,0.0046303025,0.0010470947,0.00011297443,0.0003921061,2.9282388e-05,7.557741e-10,4.831555e-10,0.0004495807,5.4669863e-10,0.009001045,1.3456926e-09,7.608769e-10,0.0012615742,4.3314802e-10,3.1151142e-09,9.948137e-05,3.1991403e-09,0.00029694423,0.0009945863,0.002086816,0.008167123,4.5279908e-10,0.00088544283,6.1970573e-10,1.5196253e-09,6.0776856e-10,0.00094955,5.2074345e-10
Otu63,Bacteria,Firmicutes,Clostridia,Clostridiales,Lachnospiraceae,na,na,0.0046384097,2.5297997e-10,1.8107593e-10,3.324558e-05,4.741984e-10,0.011626156,0.002007488,5.299935e-10,0.0001870224,5.161113e-10,3.1257388e-10,0.00033290967,6.668759e-10,0.0011863692,4.075032e-10,2.713179e-10,2.4364682e-10,4.016557e-10,0.0013561373,3.4405268e-10,3.6470654e-10,9.571903e-06,3.2193462e-10,2.316608e-09,0.00074223883,7.99628e-10,3.4384173e-10,5.963498e-10,3.553255e-10,2.1505964e-10,3.4273276e-10,0.0027392374,5.023874e-10,2.5559171e-10,0.064097844,9.756285e-10,3.2372147e-05,0.005751962,1.0515552e-08,0.0020123024,2.0331155e-09,5.7629496e-10,9.464594e-10,5.090478e-10,0.003845127,4.0481388e-10,1.3695223e-09,1.353161e-10,4.8656873e-10,4.861064e-10,0.008104572,0.00025039763,1.0838189e-09,7.166525e-10,6.4771866e-10,1.5549745e-10,4.5279908e-10,6.089671e-10,6.107606e-10,0.0018051871,1.9681787e-09,1.3609615e-09,7.224816e-10
Otu194,Bacteria,Firmicutes,Bacilli,Lactobacillales,Lactobacillaceae,Lactobacillus,na,0.011537152,3.0502637e-10,1.8043331e-10,0.0018619245,2.4061316e-08,0.0018983078,1.2363232e-09,0.000808887,3.9583495e-10,3.9352152e-10,2.7606548e-10,3.1713259e-09,0.0005695947,6.484685e-10,4.3333995e-10,0.00020360913,4.233029e-10,3.9058626e-10,1.7980648e-09,3.435196e-10,9.388981e-10,4.8102744e-10,2.595669e-10,2.9241916e-09,0.0008785741,6.737808e-10,3.7839837e-10,7.2941825e-10,0.0009238048,1.3289537e-09,3.4273276e-10,1.43032e-09,1.3386525e-09,2.4582783e-10,1.3419494e-09,5.2003557e-10,0.001958768,4.7396326e-10,8.851673e-09,7.302389e-10,0.003728778,0.00094272074,9.367326e-10,6.3349237e-10,1.0009111e-09,0.0012720617,7.58955e-10,1.353161e-10,7.637334e-05,0.83609706,9.2994307e-10,3.5176556e-05,1.0969503e-09,0.0011507298,1.3320219e-09,1.5518635e-10,0.0021459167,2.5648851e-05,6.0996896e-10,0.00047333576,5.3012233e-10,1.3471804e-09,1.2648016e-09
Otu8,Bacteria,Bacteroidetes,Bacteroidia,Bacteroidales,Muribaculaceae,Duncaniella,na,4.0869157e-09,4.1596213e-10,4.84969e-10,0.01231383,0.00050325197,0.0033758315,0.017565567,6.0304295e-10,0.000564798,0.9315464,3.4633174e-10,9.2877656e-10,5.870898e-10,5.5908576e-08,5.5217575e-10,2.9993685e-10,2.443086e-10,4.0892587e-10,0.010311132,4.6565246e-10,3.4343642e-10,8.958456e-09,1.48191375e-05,1.5727721e-09,7.085116e-10,0.0046979706,7.9391764e-05,2.0158022e-09,8.827211e-10,2.5918245e-10,4.504624e-09,0.027543148,0.0007379718,2.4302085e-10,0.03018149,0.0054520587,0.0016207059,0.005141854,0.009898627,0.0138356555,0.010787042,0.009312149,0.00012505728,0.0018216514,0.002344876,0.0023982183,0.009923392,8.248662e-10,9.607756e-10,5.4031885e-10,0.002366893,0.0001304068,0.10010621,0.002520392,0.0022992473,3.5197836e-10,0.0026520968,4.7147375e-09,0.39778417,0.0039236103,0.23967285,0.013960944,7.473261e-10
Otu66,Bacteria,Firmicutes,Clostridia,Clostridiales,Lachnospiraceae,Muricomes,na,0.00057247386,1.5551459e-05,0.000663599,0.006092429,6.222422e-10,0.0011282634,2.0043254e-09,0.004692804,0.0003779017,0.0015408527,2.2707229e-10,0.005466382,0.005209259,0.021407183,4.5453585e-10,0.001985833,2.929389e-10,5.855727e-10,0.003881858,0.000119701865,0.0020503912,0.0027274555,0.00364496,0.001133815,3.8144427e-10,0.0041878447,0.00049009087,6.191425e-10,0.00039068522,0.00031228052,0.0016684495,0.027485989,5.3702204e-10,2.4989155e-10,0.0026899225,0.005123628,4.1505137e-09,0.0021108587,0.325748,0.0058483207,1.599565e-09,4.828791e-10,0.0044245105,5.4899646e-10,0.00084249664,0.003875124,0.00029699987,0.001134273,3.5930883e-10,0.0002614968,0.005631719,0.0024193816,0.01047873,0.0014814509,1.0783359e-09,2.2845553e-10,0.0025569468,0.0056504854,6.3806166e-10,0.002743745,0.00038111434,0.017099936,0.0005739003
Otu34,Bacteria,Firmicutes,Erysipelotrichia,Erysipelotrichales,Erysipelotrichaceae,Clostridium_XVIII,na,0.01607832,2.4856444e-09,0.00061814714,0.001340112,0.04637772,0.00024473257,1.3848301e-09,2.5705733e-09,1.5616538e-07,4.240819e-10,1.0509995e-09,6.904482e-05,0.0013451041,0.0005184804,1.5573184e-08,7.750593e-10,3.4400766e-10,6.5740335e-10,1.7573812e-09,1.1991396e-07,0.010848882,0.0039841235,0.00020130811,0.00034791286,5.6688794e-05,7.8110907e-10,3.4384173e-10,1.3484295e-09,0.00015955516,7.322931e-10,9.240908e-10,2.8904446e-09,0.8406948,2.833144e-10,0.0009408264,0.0062160455,0.00031748676,5.8185834e-10,1.5803253e-07,0.00024673474,6.775494e-09,0.00096377014,1.5013606e-09,0.0015499151,1.0025619e-09,3.216668e-05,7.519063e-10,0.0005942077,2.6548884e-08,6.1362115e-10,3.0935446e-10,0.0064024357,1.1045717e-09,6.986894e-10,2.7260716e-09,0.0012239635,4.5577628e-10,0.0017070468,5.82012e-10,8.336441e-10,0.0004265481,1.413935e-09,0.016991371
Otu31,Bacteria,Firmicutes,Clostridia,Clostridiales,Lachnospiraceae,Faecalicatena,na,0.00048981817,2.1133599e-10,1.8173955e-10,0.00056735496,6.464917e-10,0.00027980728,0.0025199982,0.0136862025,7.5824064e-10,1.1594822e-09,3.0620734e-10,0.0039664917,6.8040895e-10,8.8686725e-10,1.6882387e-09,6.1204275e-10,1.7992209e-10,4.3989823e-10,2.7304647e-09,6.398675e-10,3.9675455e-10,4.4646295e-10,2.2253965e-09,5.8916444e-10,4.3009316e-10,0.0028933724,3.593046e-10,0.0011304793,4.3592724e-10,3.4991018e-10,0.0011940142,7.1943953e-09,5.964849e-10,2.9718175e-10,0.00039483001,0.00080087234,3.899536e-10,0.0003363977,9.193703e-09,0.82839674,1.0160707e-09,6.460922e-10,0.0012952554,3.75458e-09,0.005658936,0.00755143,3.0155205e-09,0.0002044152,0.0072420044,8.1196766e-10,4.686941e-10,1.3001182e-09,0.0069352617,0.018451413,8.726254e-10,4.5848877e-10,4.5279908e-10,1.9636362e-05,4.4116047e-10,0.0003567357,0.0014369033,0.0031684649,0.0002703319
Otu14,Bacteria,Firmicutes,Clostridia,Clostridiales,Lachnospiraceae,Enterocloster,na,0.00283578,2.8407082e-10,2.5225977e-10,0.002526298,0.011393316,0.00038121786,0.006885653,7.5517875e-10,4.8535814e-10,0.0024225428,1.9108726e-09,5.4881233e-10,0.0048181126,0.0029703078,0.0003915704,0.0026343302,2.0101529e-10,3.992901e-10,0.010532864,4.425306e-10,0.0011341952,0.0047099427,4.8509946e-10,0.85857654,3.0774931e-09,0.003651301,0.011711912,0.0018522502,0.0027957973,2.3662472e-10,6.516677e-10,0.016321374,7.04998e-10,2.6339345e-10,0.029033305,0.0015780545,4.5596452e-10,0.002221749,0.009531292,0.006282858,0.0054039103,7.4008605e-10,0.0037036398,4.6137747e-09,0.0012758435,0.025689382,0.0011310885,0.00030523053,0.06189245,0.0046120086,0.0067619495,0.007373907,0.05046921,0.004813922,0.06584926,7.3698163e-09,0.011406467,1.2177049e-09,1.8015601e-09,0.008567612,0.066183366,0.031407863,0.0009545623
Otu45,Bacteria,Firmicutes,Clostridia,Clostridiales,na,na,na,5.6620963e-10,2.0988543e-10,1.5801498e-10,0.00020643114,7.265167e-10,7.57678e-10,6.624605e-05,0.006092588,4.575426e-10,1.4540447e-09,2.601039e-10,4.6805976e-10,6.9897593e-10,1.8514324e-06,4.556843e-10,3.6972467e-10,2.5043445e-10,0.003335035,1.7990426e-09,3.4398448e-10,3.4989364e-10,4.767054e-10,2.6437913e-10,4.9125726e-09,3.6168185e-10,7.774201e-10,0.0019248942,6.0040495e-10,0.00026840597,3.4866104e-10,3.4273276e-10,1.4085129e-09,5.196346e-10,2.3812322e-10,2.8889474e-10,4.853398e-10,5.974438e-09,4.9175086e-10,8.910197e-09,0.0006255118,7.3653383e-10,7.501999e-09,4.3835723e-07,5.913928e-10,0.0010673384,3.883957e-10,7.428204e-10,1.353161e-10,3.5269268e-10,0.0023921933,8.543785e-06,8.946505e-10,1.097348e-09,0.0010588401,0.007825489,1.5539725e-10,0.89566857,5.9983024e-10,6.0996896e-10,8.5908874e-10,4.709064e-10,1.3475017e-09,7.320221e-10
Otu11,Bacteria,Actinobacteria,Coriobacteriia,Eggerthellales,Eggerthellaceae,Adlercreutzia,na,0.008828637,2.5671693e-10,0.0002414833,0.8752381,2.70938e-09,7.568359e-10,0.0014643507,5.272108e-10,4.676368e-10,0.00011815074,0.0008753663,0.0011707261,0.0017071122,0.005545163,4.664416e-10,0.0026897702,3.821569e-10,4.017653e-10,0.0026366643,3.4474046e-10,3.4774397e-10,0.00742467,0.00028164886,0.00044562222,0.0055807023,0.005000346,0.0015973431,6.802765e-10,0.0018508624,0.0043526134,3.427419e-10,0.0013026274,4.769654e-10,0.0010797417,0.026176926,0.00078394904,0.00015753583,0.018397989,0.023725897,0.0033012885,0.004241196,5.768734e-10,0.0054141907,6.560771e-10,0.0035464002,0.009945971,0.010051191,1.5462516e-10,0.095631935,0.0013957381,0.0043228255,0.0003640274,1.4142244e-09,0.007982109,0.10753392,1.0747708e-09,0.0010784332,0.006910648,0.00012896425,1.2219081e-09,0.01469377,0.025854437,0.0046602935
Otu38,Bacteria,Firmicutes,Clostridia,Clostridiales,Lachnospiraceae,Cellulosilyticum,na,5.6620525e-10,3.781416e-10,0.00021701178,5.5220123e-10,3.565083e-09,9.608395e-10,0.00034969547,5.977055e-10,0.00058248854,6.2584815e-10,0.0005885675,4.5590481e-10,0.00036845673,8.336019e-10,3.922644e-10,3.91942e-10,2.2829687e-10,7.574377e-10,0.0002250932,0.008629288,0.0007843375,0.00013016255,0.014581739,2.4379978e-09,0.023414336,0.0005302048,0.0003138541,0.0036070296,7.9627743e-10,0.013083726,0.00182059,1.4998233e-09,2.4493154e-09,0.012453857,3.4092099e-10,0.0028477171,0.7623285,2.4628284e-09,9.0008125e-09,7.4611733e-10,8.934083e-10,4.696831e-10,7.3987563e-09,0.0015844951,0.00042940615,3.8839273e-10,7.4274953e-10,0.052545942,0.0036962656,4.982628e-10,2.2968119e-09,1.2235398e-09,5.531798e-09,0.0015001451,0.001261849,0.008058107,0.006538262,8.288061e-10,6.3487976e-10,0.0005900863,7.548198e-09,0.00044652293,7.0397077e-10
Otu105,Bacteria,Firmicutes,Clostridia,Clostridiales,Lachnospiraceae,na,na,5.633764e-10,2.2776546e-10,0.00017337812,5.962491e-10,0.0003048821,7.208847e-09,2.2008131e-05,5.269835e-10,0.010547364,1.2117316e-09,0.0018941236,9.055519e-06,5.97867e-10,1.1482809e-08,2.1346427e-09,3.0318315e-10,2.6178806e-10,0.002255594,9.457087e-05,4.6078788e-10,2.275013e-06,6.5775246e-10,0.0007747073,6.5989963e-10,3.5803516e-10,0.00023483076,3.642127e-09,0.0015487071,0.006047235,9.120926e-10,2.7375565e-06,0.001183601,7.429834e-10,0.00035753354,4.2244355e-10,0.0012371547,5.3684984e-10,5.174573e-10,0.0005433934,9.381639e-05,0.00034817986,6.9771218e-06,0.0060903723,0.0005335862,3.0924763e-05,0.002559008,1.0509308e-09,2.680708e-10,1.7106538e-07,4.7459586e-10,0.0010888148,8.75374e-10,2.7229493e-05,1.6598107e-05,1.7560199e-09,4.2642542e-10,4.5814877e-10,6.2782224e-10,6.0996547e-10,2.9935986e-06,1.1051395e-09,5.4616412e-05,3.3846186e-06
Otu74,Bacteria,Firmicutes,Clostridia,Clostridiales,Ruminococcaceae,Dysosmobacter,na,5.529078e-10,1.9585128e-10,0.0005025865,1.1492498e-09,0.0016577659,0.0011132995,0.0028680742,0.0025522143,4.5902862e-10,0.0007469775,8.927086e-10,0.00032049918,5.8883365e-10,5.2375966e-09,3.972109e-10,0.0006223859,2.6222885e-10,0.0011426095,0.0073232185,0.00020187318,3.4726147e-10,4.764181e-10,5.479816e-09,1.178271e-09,4.5116125e-10,0.004351429,3.4384173e-10,8.1370305e-10,5.7322684e-09,5.2091637e-10,3.4273276e-10,0.038129132,0.00043914857,2.4288233e-10,3.9990813e-10,8.1934265e-10,4.167408e-10,4.7661036e-10,0.00030590087,0.00019853731,7.630482e-10,4.82892e-10,1.4051323e-09,0.00069505407,0.00075250445,3.883957e-10,0.00012470804,0.0036588146,3.946898e-10,4.715883e-10,0.0026842824,0.0049828966,0.022999424,2.5587851e-05,7.708784e-06,0.00062018784,4.5279908e-10,6.0555727e-10,6.1213906e-10,0.645965,2.938412e-09,0.012062507,7.9910595e-10
Otu77,Bacteria,Firmicutes,Clostridia,Clostridiales,Lachnospiraceae,Clostridium_XlVa,na,7.6025475e-10,2.8083255e-10,5.444744e-10,5.6652677e-10,1.3392522e-08,0.00016689647,0.00012334621,0.00053338706,1.6243865e-09,0.00024702158,7.2435363e-10,3.4615805e-10,6.641164e-10,2.0060494e-08,7.098731e-08,3.5027936e-10,2.3363234e-10,9.674989e-08,2.2221567e-09,3.899602e-10,0.0014588251,0.004679709,0.0009564215,4.678951e-10,8.185602e-10,0.00022262524,3.4384173e-10,6.45609e-10,0.00021637608,0.006874201,4.0682444e-06,0.0007450358,4.9938853e-10,0.0002953825,0.0013888536,0.002958363,1.6735372e-05,0.0016064792,0.31245527,7.471427e-10,0.0021232527,4.8859167e-10,0.00086819456,4.375511e-05,1.0483537e-09,4.081025e-10,2.4510631e-09,0.0028637573,0.0012974562,2.1516324e-09,0.0032624146,0.0012765215,0.0005850001,2.8474275e-08,1.1116348e-09,0.014286213,5.602082e-10,0.0013030766,6.0996896e-10,0.0024052544,0.00020893602,0.0066957027,0.00048258857
Otu24,Bacteria,Firmicutes,Clostridia,Clostridiales,Lachnospiraceae,Extibacter,na,2.305743e-09,2.4837662e-10,2.582134e-10,0.0012143339,0.0011546707,0.016635336,0.0024348889,0.002192411,0.0017312091,0.0007156248,2.443647e-09,0.0027427713,6.3502553e-10,8.7292494e-05,4.0017512e-10,0.00021937452,4.0716255e-10,3.8221498e-10,0.02088287,5.4176147e-10,0.001121921,0.0011253876,7.1366615e-09,0.0011255535,7.7325635e-10,0.0059460197,3.587363e-10,1.6424218e-09,3.1277803e-10,0.007474485,0.0021096708,0.15978318,6.08412e-10,9.264095e-10,6.414351e-10,0.0027717424,0.0015806458,0.0045999656,0.023897039,0.013618062,0.0023250983,7.75323e-05,0.00043309908,0.008567084,0.0018484897,3.9013975e-10,7.8788437e-10,0.002658162,7.100939e-05,5.3116034e-10,0.0012572607,0.0041717603,0.051128786,0.0034634843,1.1672208e-09,0.005998457,5.1494736e-10,7.6007806e-10,6.882058e-10,0.024206903,0.10775254,0.07031786,0.004040142
Otu58,Bacteria,Bacteroidetes,Bacteroidia,Bacteroidales,Dysgonomonadaceae,Dysgonomonas,na,6.604905e-10,2.4753152e-10,3.3163286e-10,0.0016195488,6.216764e-10,1.312856e-09,1.1989553e-09,3.864034e-10,0.002083004,0.003864199,3.171863e-10,3.1909772e-10,5.8883365e-10,6.361541e-10,4.419315e-10,0.0009185937,4.8897436e-05,4.131445e-10,9.874429e-09,4.1531084e-10,0.00014412758,1.2326509e-09,2.816406e-10,0.000767687,3.9564643e-10,9.620018e-10,3.402665e-10,6.576573e-10,3.7605882e-10,0.0020450572,0.0013442036,0.0074827634,5.0199755e-10,1.0264634e-09,0.002668815,0.00011713692,3.968166e-10,6.167726e-10,0.00011544159,7.721574e-10,7.428629e-10,4.8732407e-10,0.00042646218,9.229187e-10,0.013208622,3.8004927e-08,0.00034591983,1.6304719e-10,0.0003131607,5.030585e-10,0.00094144547,0.0020077473,0.012688222,8.109903e-10,9.072103e-10,9.26187e-10,0.0008553635,5.9825805e-10,0.0049000783,0.0065347403,0.013799928,0.0064256247,0.0010492742
Otu90,Bacteria,Firmicutes,Clostridia,Clostridiales,Lachnospiraceae,Marvinbryantia,na,5.656634e-10,4.174508e-10,1.7456933e-10,7.9029805e-10,0.0010313166,0.00054236467,0.0006157943,0.012209024,5.302629e-10,0.00085885695,1.666509e-08,4.7114274e-10,5.972834e-10,0.00045417264,5.228753e-10,8.719801e-05,6.1903604e-10,7.1231e-10,0.0046862657,0.00026896986,6.354472e-08,2.0871123e-05,0.006746406,0.0011988918,8.293747e-05,5.7912514e-10,9.922731e-09,0.004490515,0.0008499612,0.0052837613,0.00069689326,0.0057715755,0.0025037106,6.534462e-10,3.155609e-10,0.0020702246,0.001556058,0.0009212771,9.1961465e-06,0.0016849757,0.00055255514,4.713704e-10,1.5457664e-09,0.00036373484,3.673898e-09,8.617905e-10,7.428204e-10,0.0014727224,6.972235e-10,4.9015636e-10,0.008153,0.003652778,1.5376727e-09,0.0005494637,0.00096536375,0.0016646062,8.830211e-05,9.930413e-10,6.1774913e-10,1.1274752e-09,6.8652968e-09,0.0018061945,0.00071595755
Otu22,Bacteria,Bacteroidetes,Bacteroidia,Bacteroidales,na,na,na,5.667304e-10,2.1848497e-10,2.7682392e-10,6.2118344e-10,4.7937826e-10,9.019109e-10,1.1168034e-09,6.7122965e-09,0.92870474,0.00037276425,1.6696581e-09,4.2015144e-10,0.00026549093,0.00043745738,0.0007808647,3.197138e-10,3.215237e-10,4.0504458e-10,2.331628e-08,1.941655e-09,0.000115040435,4.6780885e-10,2.9520864e-10,0.00041423325,3.1823238e-10,2.0402826e-09,3.526267e-10,6.0097205e-10,0.008588029,0.0004376342,0.00022934082,1.3885656e-09,0.0063222777,2.451994e-10,0.0016334017,5.356976e-10,1.8573084e-09,4.842304e-10,3.3870198e-05,0.0004739659,1.2071939e-09,0.0033527766,9.41095e-10,0.0032802238,0.004034219,3.9187445e-10,1.0339102e-08,5.417135e-05,9.1674e-10,4.91662e-10,3.35288e-09,0.029682454,1.3217999e-09,7.051141e-10,4.840864e-10,6.49167e-05,0.00055981416,0.0035713564,0.4216625,8.532116e-10,0.0002097093,1.341511e-09,0.023539681
Otu26,Bacteria,Firmicutes,Clostridia,Clostridiales,Lachnospiraceae,Lacrimispora,na,3.1691907e-09,3.4819228e-10,1.8035348e-10,0.00042866837,0.021969551,0.0029024961,0.006525261,0.054366842,5.2379934e-10,1.2541201e-09,7.1791415e-05,0.0006580693,0.0026778742,0.005675174,5.868303e-10,0.00013558868,5.880231e-10,0.003278069,0.0036847699,0.008191739,6.10913e-10,0.00493703,0.0042173825,0.0010224734,3.5064435e-10,0.024710575,5.1198767e-06,0.0007651164,1.3559818e-09,0.005683575,3.8529477e-10,0.21584651,0.00019010012,1.7661363e-09,0.0030351542,0.0016996445,0.0069175772,2.6654703e-07,0.0031043256,1.1340101e-09,4.882824e-08,2.1143587e-06,0.0024653894,0.01562984,0.001874069,0.00077660044,7.5736134e-10,0.008839508,0.0019839015,3.272283e-05,5.9049962e-05,0.0017702855,0.021552082,0.014990925,8.011858e-07,0.007248339,0.0009063824,0.0063768392,6.3916156e-10,0.02742677,0.03356139,0.049296223,0.78989756
Otu33,Bacteria,Bacteroidetes,Bacteroidia,Bacteroidales,Porphyromonadaceae,Porphyromonas,na,1.1260572e-09,2.598173e-10,2.2108583e-10,5.3071796e-09,0.0002580936,6.468624e-10,0.004946126,0.00029977324,0.006746895,0.003219332,3.6710276e-10,4.729698e-09,5.7654875e-10,7.6570985e-05,8.015136e-05,2.5513511e-05,2.1298815e-10,1.2351449e-09,0.00444542,1.3883451e-09,3.471065e-10,5.118372e-10,3.0827647e-05,0.0027673866,3.3286662e-10,0.0022818095,0.00092971826,7.489838e-10,3.56853e-10,6.863386e-10,3.477013e-10,0.03698288,1.992898e-09,0.00197368,0.007970683,0.0033425724,4.601459e-10,0.0007613566,0.007248904,0.0016913043,0.010032746,4.3857265e-10,0.00064459397,7.5940687e-10,0.8024686,3.9205464e-10,7.428204e-10,4.0514624e-05,7.124873e-10,7.136822e-10,3.5254136e-10,5.860162e-09,0.050252788,0.0017471529,0.00037788975,1.5495973e-05,4.6151133e-10,5.942708e-10,0.14973904,0.02461452,0.0040351436,0.00768709,0.0016562284
Otu9,Bacteria,Firmicutes,Clostridia,Clostridiales,Ruminococcaceae,na,na,8.1972035e-10,3.154578e-06,9.862582e-06,2.702019e-05,1.6484235e-05,1.2275899e-09,1.1973327e-09,5.206533e-10,0.0010332377,1.4995087e-09,3.1426442e-10,4.792719e-10,0.0056372164,1.2248585e-09,2.847392e-05,0.0003150638,4.787346e-10,4.093894e-10,1.5418375e-09,3.7735445e-10,0.015423484,0.010876097,2.9031494e-10,7.070337e-10,0.0033876395,8.839586e-10,0.8309339,6.3215894e-10,4.1756326e-10,2.607364e-10,0.008040749,2.5089109e-09,3.207875e-09,2.2989005e-05,3.6893086e-10,2.7147722e-05,0.0003900167,6.3456446e-10,9.567564e-09,9.8909055e-05,1.5340673e-09,0.005806259,2.14318e-09,6.168225e-10,0.012092891,3.6650155e-05,7.4281614e-10,1.6298593e-10,0.004920352,4.6203055e-10,3.2740347e-10,9.571746e-10,1.2304888e-09,7.713972e-10,0.0018334361,0.00050649745,0.0012584546,0.0010811727,6.411652e-10,8.590675e-10,2.5817195e-09,6.156321e-07,8.0669244e-10
Otu55,Bacteria,Firmicutes,Clostridia,Clostridiales,Ruminococcaceae,Acutalibacter,na,1.4739562e-06,2.786827e-10,0.00032438128,0.00086812966,3.7101413e-09,7.529168e-10,0.0024662504,3.1067005e-09,5.0196813e-10,4.8024723e-10,4.71265e-10,5.0117405e-10,6.06304e-10,0.0006443823,3.169248e-05,0.00018626047,1.2930366e-10,3.9083442e-10,1.4230648e-09,0.0003934463,0.00060039456,0.00044869247,0.0002140719,4.0283176e-05,1.4064003e-05,0.00015920174,0.0058446834,5.973094e-10,2.2118254e-05,2.1974412e-08,0.0017446565,0.005524148,5.0857313e-10,0.0057397396,0.000114680115,6.0044164e-10,0.00070727203,0.0072823055,9.282863e-05,7.4729517e-10,0.0072528967,5.812848e-10,0.00032055998,0.004220962,0.0011917555,0.00384138,1.1973676e-09,0.00060696003,1.5918593e-09,4.7897913e-10,0.032890033,9.1225416e-10,0.00059559254,8.357864e-10,8.573795e-06,1.8523703e-10,4.5045256e-10,0.0011953239,6.218524e-10,0.0008250384,0.003072148,0.002140879,7.3478906e-10
Otu98,Bacteria,Firmicutes,Clostridia,Clostridiales,Ruminococcaceae,Oscillibacter,na,5.425673e-10,1.9323311e-10,1.856793e-10,0.00020842235,0.0029790057,0.0012538191,1.366706e-09,0.010620188,0.0007687386,0.00021794548,0.0017265092,0.00021142268,7.0224726e-10,1.9354858e-09,8.398606e-05,2.2856152e-10,4.35102e-10,0.0007041364,7.195161e-09,6.313942e-05,3.486931e-10,4.3363256e-05,0.00052554713,4.98393e-10,7.761422e-10,1.3484107e-09,3.4881772e-10,5.6799243e-10,0.0017988866,0.0038338208,3.4273276e-10,0.045686316,5.020435e-10,5.72778e-07,0.00048078355,0.00044349424,0.0009938541,0.00038207532,3.41467e-08,6.753104e-10,7.535904e-10,4.8167503e-10,1.9427124e-09,6.0974215e-10,1.0283651e-09,4.6434898e-10,8.203161e-10,0.0066540553,3.5165956e-10,4.740051e-10,3.5750907e-09,0.012381842,0.006001345,0.00013706154,1.099428e-09,0.01783201,4.516691e-10,0.0013212186,6.0996896e-10,0.00085568574,5.358487e-10,0.0016621718,4.269263e-09
Otu100,Bacteria,Firmicutes,Clostridia,Clostridiales,Lachnospiraceae,na,na,5.090381e-10,0.00018651673,1.7582813e-10,0.0005359213,4.7936183e-10,2.3551021e-09,0.000626419,8.982537e-10,4.541881e-10,0.0006133729,3.0671649e-10,0.0002346596,0.003801186,4.410009e-06,4.387651e-10,3.3058947e-10,2.3103114e-10,1.357066e-06,0.00037746166,3.604115e-10,0.000105277795,7.3141304e-10,3.2481764e-09,0.00095488504,4.3623583e-10,0.0001029963,0.0010578006,6.0162575e-10,3.6708125e-10,2.1621374e-10,3.4273276e-10,5.344201e-06,5.023874e-10,2.3845e-10,0.00017987787,5.064845e-10,4.897789e-06,1.3931565e-09,8.757212e-09,6.9865136e-10,7.5606243e-10,5.063784e-10,2.077708e-06,5.470053e-10,0.001326224,4.5031834e-10,7.428204e-10,1.3531506e-10,0.0010990397,4.715883e-10,0.00039423074,1.2617822e-09,1.0934096e-09,5.208576e-06,0.004674297,3.8142522e-10,4.5279908e-10,6.048162e-10,6.299812e-10,8.5908874e-10,0.00056111475,6.4246e-05,7.4097883e-10
Otu43,Bacteria,Firmicutes,Clostridia,Clostridiales,Lachnospiraceae,na,na,5.993955e-10,5.5880806e-10,2.5624158e-10,0.0014781557,5.1990784e-10,8.73762e-10,1.2141647e-09,5.2603155e-10,4.6521526e-10,0.00039033996,2.9153543e-10,3.963373e-10,0.009421933,1.2304666e-09,4.5120083e-10,2.9027938e-10,4.702162e-10,3.4730716e-10,1.7981678e-09,0.00026896523,0.0005244473,4.767054e-10,0.003437251,0.0016613737,0.00055247295,2.5398404e-06,0.0073383627,5.9842126e-10,0.0004856535,0.0013852265,3.203297e-10,0.0001243284,4.3867705e-05,3.5168843e-10,0.0001961897,4.93811e-10,0.004017074,4.689984e-10,8.809027e-09,0.00011352781,7.364832e-10,0.7454204,0.00021551097,0.0027923079,9.776822e-10,3.883957e-10,7.428204e-10,1.5059431e-09,0.00393916,5.1342874e-10,0.0051768026,8.7932334e-10,2.4670748e-09,0.0010216738,0.00069175445,0.0035995047,0.004705635,0.0009423828,6.5137884e-10,8.5908874e-10,1.1375595e-09,1.3654883e-09,7.320221e-10
Otu13,Bacteria,Firmicutes,Clostridia,Clostridiales,Lachnospiraceae,na,na,0.1891449,2.1608786e-10,0.00026440134,0.012738604,9.296013e-10,0.0018674697,0.011204495,5.3350474e-10,5.0121235e-10,0.0016645773,9.9130004e-05,0.9172933,0.003533025,0.0047896756,4.414117e-10,0.0007415861,3.5667308e-10,4.0828993e-10,1.7179226e-09,3.611981e-10,0.00064955157,0.0058604893,3.5070935e-10,0.003873853,0.001200948,0.0014994409,3.8139236e-10,6.24806e-10,0.002529858,0.00048788718,2.6840255e-10,2.1322275e-09,4.93418e-10,0.003205205,0.47390315,0.000542677,1.6223634e-09,0.017504457,0.0019966806,1.0122173e-09,1.1823958e-09,0.0009104904,0.0085063325,5.164609e-10,2.1733648e-09,0.0031373785,0.017164497,1.6351247e-10,0.0059962706,7.145226e-10,0.03564137,1.0195991e-09,1.0902526e-09,0.0036843538,0.00010041564,1.779492e-10,0.0015705716,0.0031862357,5.7117094e-10,0.0015787311,6.5053857e-10,1.7661027e-09,0.005189115
Otu20,Bacteria,Bacteroidetes,Bacteroidia,Bacteroidales,na,na,Muribaculum gordoncarteri,1.313437e-09,4.644714e-10,2.1844426e-10,0.0034799974,4.7747863e-09,1.8618385e-09,1.2990902e-09,0.0018401521,1.7245031e-09,0.00816575,5.0204757e-10,4.77826e-10,4.755632e-10,3.350962e-09,0.0005717885,4.0772158e-10,2.3726038e-10,6.538457e-10,2.353561e-09,0.0071401754,3.4062864e-10,0.00029301664,0.11950373,1.1290725e-08,3.9890471e-10,1.357748e-09,3.74611e-10,9.977176e-10,4.027049e-10,0.051492766,0.0009812022,0.005065775,6.701767e-10,0.0020130193,4.354547e-09,0.005296776,0.00023775044,8.0104395e-10,0.0014667475,7.3557477e-10,7.7587203e-10,5.757434e-10,1.0462975e-08,6.1628036e-10,0.0012361072,1.9071362e-09,0.0044350256,0.341403,0.00015635384,4.754784e-10,7.1124084e-10,1.1849165e-09,1.4826202e-09,7.0609657e-10,5.799184e-10,0.040287793,4.6212792e-10,7.701033e-10,0.008635927,9.73061e-10,1.1940705e-09,1.4753301e-09,1.0530931e-09
Otu5,Bacteria,Firmicutes,Bacilli,Bacillales,Bacillaceae_1,Bacillus,na,0.00010348989,2.497805e-10,1.9345338e-10,8.5579305e-10,4.7613147e-10,1.0223148e-09,1.2378474e-09,5.289775e-10,5.1168697e-10,6.729499e-10,3.1127392e-10,0.00025994895,5.9113264e-10,6.252232e-10,4.2671605e-10,4.6548257e-10,8.2947445e-05,4.0251083e-10,1.7990426e-09,3.4405268e-10,5.283947e-10,6.451374e-10,2.5967486e-10,5.446968e-10,2.3123117e-05,7.7555845e-10,1.2970265e-09,5.963498e-10,3.791818e-10,2.1591744e-10,3.4460745e-10,1.4078548e-09,4.990848e-10,2.4145505e-10,3.0663247e-10,9.560303e-10,7.556255e-06,4.717914e-10,8.8761025e-09,9.700152e-09,7.6184115e-10,1.8052422e-09,9.498846e-10,5.497037e-10,9.772719e-10,1.9370902e-05,4.267702e-06,1.3573667e-10,4.0397586e-05,0.000934878,6.0373284e-10,8.7057367e-10,1.095399e-09,3.0768468e-09,1.1340053e-09,1.5518635e-10,4.5279908e-10,6.459736e-10,6.0996896e-10,8.8275465e-06,4.7506626e-10,1.3475658e-09,7.320208e-10
Otu37,Bacteria,Firmicutes,Clostridia,Clostridiales,Lachnospiraceae,Shuttleworthia,na,0.00044777655,2.2350881e-10,0.00029111342,3.3626495e-09,0.002377357,0.002380388,0.006110264,5.149488e-10,4.102692e-10,0.0008960602,9.687894e-10,0.0008842508,5.8765004e-10,1.5596385e-09,4.4005746e-10,2.6833755e-10,2.9593608e-10,4.079435e-10,0.02016762,4.2757087e-10,3.477546e-10,0.002459726,0.0004432085,3.497512e-06,5.024789e-10,0.001178918,3.4384173e-10,0.000697225,0.0012556257,0.000588435,3.4306238e-10,0.017783266,6.304824e-10,3.8335068e-10,0.00025492508,0.008000102,0.00036248987,0.00054226484,0.0013592903,7.4001744e-10,0.00055549014,4.961373e-10,7.005189e-09,9.702629e-10,4.937974e-09,0.0008050722,7.6253603e-10,1.3994367e-10,0.004273618,0.0060658893,0.0048361416,0.0062361783,0.12036213,0.0031549295,6.865102e-10,0.007842586,0.0009887944,7.5489035e-05,6.0996896e-10,0.016389769,0.03892031,0.09641405,0.0024246797
Otu7,Bacteria,Firmicutes,Clostridia,Clostridiales,Lachnospiraceae,Clostridium_XlVa,na,1.8184835e-09,1.9148011e-10,2.5723612e-10,9.689018e-05,0.28664154,0.004849364,0.00048728182,0.5422499,1.1445369e-09,0.00086865365,0.9837499,0.009916598,3.076565e-09,2.7214253e-09,2.1424316e-07,4.1854717e-10,6.444905e-10,0.017781429,0.0030906016,0.0006834379,0.0021722908,5.0711284e-09,0.24567856,0.00087316154,8.811665e-05,0.0026563653,3.7095846e-10,0.026981033,0.02243636,0.12349834,3.483545e-10,0.01895596,0.041663144,0.02849936,0.0031849362,0.0045245662,0.035775468,0.0032099232,0.005435663,7.850506e-10,0.0031760635,5.2810717e-10,8.9782236e-07,7.928282e-08,0.0034367382,0.016416911,1.9048818e-09,0.15860642,7.4833567e-10,0.0074203196,0.0018712811,0.013258269,0.005400386,0.002758477,5.4370775e-09,0.057884604,5.769646e-10,0.008047527,5.009215e-10,0.016556747,0.010684965,0.044463456,0.004367344
Otu59,Bacteria,Firmicutes,Clostridia,Clostridiales,Lachnospiraceae,na,na,7.375053e-10,1.4381409e-10,1.7705885e-10,9.662234e-10,0.0001504762,0.003138116,0.020840166,0.0001743415,4.1419346e-10,0.0015724883,3.4817302e-10,7.48621e-10,5.8883365e-10,9.112086e-10,4.3219095e-10,2.2991782e-10,2.6725097e-10,0.0023468728,0.41934687,1.9971713e-08,3.477546e-10,0.005177936,0.00544329,0.0021250024,3.0364497e-10,0.0027451317,3.4384173e-10,0.00050440937,4.0907314e-10,0.0006193858,1.0573356e-09,0.011475061,0.0019921542,2.4776864e-10,0.00020979915,0.0012228948,0.0008119507,0.003316234,0.0047182776,1.4192538e-05,0.00181488,1.5092358e-05,1.0659652e-09,4.8097687e-10,0.032809854,0.0072238855,8.4302715e-10,3.703468e-10,3.401556e-10,4.715883e-10,0.010657801,0.0035036681,0.011932362,0.004839326,0.00022276718,1.6267175e-10,4.5279908e-10,7.4417783e-10,6.1950134e-10,0.014148484,0.02727364,0.01707534,8.123885e-10
