Otu,Domain,Phylum,Order,Class,Family,Genus,Species,A1,A2,A3,A4,A5,A6,A7,A8,A9,A10,A11,A12,A13,A14,A15,A16,A17,A18,A19,A20,A21,A22,A23,A24,A25,A26,A27,A28,A29,A30,A31,A32,A33,A34,A35,A36,A37,A38,A39,A40,A41,A42
Otu15,Bacteria,Firmicutes,Acidaminococcales,Negativicutes,Acidaminococcaceae,Acidaminococcaceae,na,5.4020444e-10,4.5663184e-10,7.087878e-10,6.761923e-10,0.010117427,0.0041540316,6.815317e-10,0.00063379935,9.1570457e-10,1.710469e-08,1.176653e-09,9.0912256e-09,1.5886089e-09,1.4918365e-09,6.026464e-10,0.00081566145,3.1086804e-09,0.0023962986,0.008747573,2.6499907e-09,0.0033375856,1.0168028e-09,8.2070223e-10,1.5083945e-09,1.6347363e-09,0.0027046853,1.0992504e-09,9.730193e-10,0.0018395347,9.343054e-10,1.0926118e-09,0.0022319027,2.7532798e-09,9.905521e-10,0.021290725,1.7657681e-09,6.548908e-08,1.3644189e-09,1.3926499e-09,0.0008368565,0.0061112675,0.0005314949
Otu81,Bacteria,Firmicutes,Clostridia UCG-014,Clostridia,na,na,na,5.9932426e-10,1.0995979e-09,1.1256361e-09,7.8708845e-10,7.910649e-10,8.462128e-10,3.655898e-09,3.735886e-05,0.0016544176,0.001180011,1.0827355e-09,6.633972e-10,1.4793601e-09,0.0044554737,0.00030746782,0.00057876937,0.01179812,1.3536716e-09,4.3452097e-10,9.948425e-10,0.0044011367,1.034777e-09,7.704286e-10,1.4842869e-09,0.0013931917,0.0014145186,1.2017741e-09,0.00081990234,1.5541476e-08,9.2549224e-10,9.814511e-10,1.4765633e-09,0.00037190874,0.00045243936,0.012844083,2.8757565e-09,6.175879e-08,0.0010434836,0.010198782,1.2193426e-09,7.642739e-05,1.9018882e-09
Otu109,Bacteria,Firmicutes,Lachnospirales,Clostridia,Lachnospiraceae,na,na,1.2231696e-09,1.2696431e-09,4.5711866e-05,9.508778e-10,2.4403677e-09,0.0067474768,5.486141e-10,2.234653e-09,7.1038875e-10,1.2716842e-09,0.00070163544,0.007322988,6.9487442e-09,0.010561455,6.4196043e-10,0.0032562364,1.0218212e-09,0.00048158955,5.3636434e-10,8.5248697e-10,2.8080553e-09,9.111051e-10,0.0021784361,0.00097548804,4.1806687e-09,1.6630947e-09,9.636073e-05,0.0006150326,6.2893086e-09,3.020576e-08,1.9213058e-09,1.4981146e-09,0.0011218779,6.7444217e-10,0.002810306,1.7968723e-09,1.2802296e-07,8.0110213e-10,0.03995764,2.6393585e-10,0.0025626323,0.01772351
Otu52,Bacteria,Firmicutes,Lachnospirales,Clostridia,Lachnospiraceae,Lachnospiraceae,UCG-001,0.0010283095,7.4698275e-10,3.6304095e-06,9.2494373e-10,1.098402e-09,0.010151285,0.00016508398,0.0010129471,1.53072e-09,0.00010359482,0.7255379,1.1856056e-09,2.2536735e-09,2.5186666e-09,0.0056518237,0.0012945781,0.0022577022,0.005047263,0.00040571173,0.010635019,0.0018980923,1.0598434e-09,9.393366e-10,2.2944624e-09,9.212013e-09,8.9987715e-09,0.000960907,0.000111809706,0.013400339,2.4719413e-09,2.3704787e-09,2.8500722e-09,0.00044151864,2.4463898e-09,0.0037115766,0.0024370577,0.0011125965,0.003667009,1.3049788e-09,2.9386953e-09,9.657782e-10,0.0003487537
Otu75,Bacteria,Actinobacteriota,Coriobacteriales,Coriobacteriia,Eggerthellaceae,na,na,0.000753484,2.4882289e-05,8.0292295e-10,9.2896235e-10,1.5751058e-09,7.921071e-10,7.187091e-10,6.6522887e-10,0.00012144944,0.00092857284,1.0827355e-09,7.213371e-10,1.351729e-09,0.0046887673,1.4795595e-08,0.003383897,2.2431894e-09,0.00013349028,0.00048127014,7.2520123e-10,0.019310556,1.0375023e-09,0.0019722327,1.7353767e-09,7.793772e-10,9.239969e-10,1.0762898e-09,7.883614e-10,0.00025482394,8.644078e-10,1.0365261e-09,9.287773e-09,0.008868053,0.00047651867,0.0029643623,5.7404903e-09,1.374571e-07,8.202014e-10,0.0039373185,0.0036875822,0.000289427,0.00060126465
Otu13,Bacteria,Firmicutes,Lachnospirales,Clostridia,Lachnospiraceae,Blautia,masiliensis,2.3784938e-09,9.162809e-10,0.010210222,0.9862221,3.2149141e-09,0.018852644,6.010015e-09,0.022492645,2.946384e-09,0.01126901,0.011079517,0.004571934,0.007004174,0.036622867,0.025399137,0.033388693,0.032717656,0.06328769,0.221925,0.004221412,0.093525216,0.011472065,0.010759587,0.017700898,0.034005724,0.6277329,0.0023232694,0.0021653278,0.025779681,0.030548455,0.00076140783,0.0052070664,0.012926549,0.0034568892,0.008217544,0.021140803,0.008714646,0.32209513,0.115374364,0.11456323,0.012676176,0.03833882
Otu369,Bacteria,Firmicutes,Peptostreptococcales-Tissierellales,Clostridia,Anaerovoracaceae,Family XIII AD3011 group,na,7.008361e-10,4.970154e-10,8.121474e-10,7.308817e-10,8.730375e-10,8.462128e-10,6.962607e-10,7.9213647e-10,8.3591295e-10,1.2592563e-09,1.0827355e-09,7.7246604e-10,1.2749769e-09,1.4456425e-09,5.218783e-10,1.2282384e-09,1.0563023e-09,1.0814502e-09,4.7970933e-10,8.544143e-10,1.5536125e-09,1.0375082e-09,8.075747e-10,1.442332e-09,8.5172935e-10,6.96907e-10,1.0811992e-09,7.023047e-10,1.3593102e-09,9.0635305e-10,1.0842477e-09,0.001116119,6.5009603e-10,6.212008e-10,3.3349468e-09,1.7968723e-09,0.054912552,8.202014e-10,9.999915e-10,3.1533479e-10,6.8041256e-10,1.4692224e-09
Otu135,Bacteria,Firmicutes,Clostridia UCG-014,Clostridia,na,na,na,7.1479794e-10,5.1020893e-10,1.3398784e-09,1.8423003e-09,8.1190465e-10,1.4162023e-09,8.0786916e-10,1.4612059e-09,0.003220153,1.0382054e-09,9.294484e-10,0.00030662882,2.3302698e-09,5.255543e-09,0.0027426535,0.0009880307,0.0019343102,0.0025792432,4.7970933e-10,3.807117e-09,0.01683738,0.0014767493,8.075747e-10,1.442332e-09,0.0052977516,0.015898386,0.0014275011,7.7026063e-10,2.4304352e-09,1.7474577e-09,9.366865e-05,0.0064207953,2.0873343e-09,0.0034202582,1.6259186e-09,0.010230318,6.603968e-08,0.008825507,1.373734e-09,0.00036702747,7.0186656e-10,0.01326249
Otu44,Bacteria,Firmicutes,Oscillospirales,Clostridia,Oscillospiraceae,Colidextribacter,na,6.733939e-10,4.799556e-10,7.6152873e-10,8.1745033e-10,4.2022835e-10,0.0011049195,6.395806e-10,7.049091e-10,1.973786e-09,1.5076957e-09,1.0827355e-09,6.0154437e-10,0.002897208,2.3809443e-09,2.5315607e-09,0.0056796647,0.00042261928,0.0015939402,5.0865706e-10,5.7683475e-10,0.0004730749,0.0016434368,7.9920204e-10,1.7157578e-09,8.5172935e-10,9.828488e-10,0.0008619132,1.3009067e-09,1.3593102e-09,1.0162489e-09,0.0003757065,1.9005393e-09,6.0191857e-10,5.6124566e-10,1.3251821e-09,0.035379797,0.21373285,1.0689694e-09,1.9843291e-09,2.0708748e-09,6.804074e-10,2.0879949e-09
Otu10,Bacteria,Firmicutes,Oscillospirales,Clostridia,Ruminococcaceae,Ruminococcus,bromii,9.825089e-10,9.648218e-10,1.1673177e-08,6.985358e-10,2.12696e-09,3.6145995e-09,0.98764265,1.1145291e-09,6.378183e-09,0.005925051,7.766621e-09,0.0022021164,4.51074e-08,0.040242363,1.7159055e-09,0.10686027,0.020392498,0.023738692,0.034819625,1.7416403e-08,0.010712253,0.046644326,0.015691442,0.04603069,0.43361536,0.010620643,0.00025067094,0.005876195,0.0047154864,0.069616325,0.3563474,0.0022956638,0.15521003,1.5093231e-07,0.024229959,0.018426599,0.0013862124,0.012547091,0.023688206,0.016852796,0.3319557,0.040794153
Otu20,Bacteria,Actinobacteriota,Coriobacteriales,Coriobacteriia,Coriobacteriaceae,Colinsella,aerofaciens,1.3490766e-09,4.9763005e-10,4.091501e-09,8.0440243e-10,0.00016019128,0.0015664599,9.2737024e-10,0.01362608,1.0722429e-09,0.00018597925,7.3973334e-09,0.94294304,0.017869867,0.008207686,0.0037706054,0.05315641,0.0065882998,0.017039314,0.031530216,0.0033554437,0.030845087,0.0055239536,0.0071787653,0.012794581,0.010440001,0.009863765,0.001309492,1.182143e-07,0.034511488,0.013364154,0.013159022,0.0653607,0.0075587654,0.18318808,0.0026432867,0.015689284,0.022267118,0.0041682636,0.0015114796,0.015561959,0.013108818,0.007398214
Otu546,Bacteria,Firmicutes,na,Clostridia,na,na,na,7.0423967e-10,4.970154e-10,8.121474e-10,7.308817e-10,8.6916946e-10,8.462128e-10,6.962607e-10,7.9213647e-10,8.3591295e-10,1.2592563e-09,1.0827355e-09,7.7246604e-10,1.2749769e-09,1.4456425e-09,5.218783e-10,1.2282384e-09,1.0563023e-09,1.0814502e-09,4.7970933e-10,8.53014e-10,1.5536125e-09,1.0375082e-09,8.075747e-10,1.442332e-09,8.5172935e-10,9.020126e-10,1.0811992e-09,7.023047e-10,1.3593102e-09,9.0635305e-10,1.0842477e-09,1.4981146e-09,6.019588e-10,6.212008e-10,1.22805e-09,1.7968723e-09,0.04342155,8.202014e-10,9.999915e-10,3.1533479e-10,6.8041256e-10,1.4692224e-09
Otu67,Bacteria,Firmicutes,Lachnospirales,Clostridia,Lachnospiraceae,na,na,0.00092910294,4.999285e-10,0.0008432986,1.0055251e-09,0.00022062419,0.0006991579,7.2441236e-10,0.00051521946,0.0057432703,1.1297204e-09,5.9432394e-05,7.767461e-10,2.886949e-09,1.8339931e-09,7.5390516e-10,0.0045912415,0.0091602085,0.013883098,2.2134548e-08,5.8799e-09,0.026268436,1.7859949e-09,1.859956e-05,0.011391665,1.2280704e-09,2.1346576e-09,9.537328e-10,0.002510998,0.0002592541,0.006171077,0.0057593114,0.08411324,6.0632868e-09,0.009949391,1.1178991e-08,0.00070769124,0.00586137,0.028767591,0.056420438,3.5723273e-09,0.012075738,0.022678148
Otu1292,Bacteria,Firmicutes,na,na,na,na,na,7.0423967e-10,4.970154e-10,8.121474e-10,7.308817e-10,8.6916946e-10,8.462128e-10,6.962607e-10,7.9213647e-10,8.3591295e-10,1.2592563e-09,1.0827355e-09,7.7246604e-10,1.2749769e-09,1.4456425e-09,5.218783e-10,1.2282384e-09,1.0563023e-09,1.0814502e-09,4.7970933e-10,8.53014e-10,1.5536125e-09,1.0375082e-09,8.075747e-10,1.442332e-09,8.5172935e-10,9.020126e-10,0.04097513,7.023047e-10,1.3593102e-09,9.0635305e-10,1.0842477e-09,1.4981146e-09,6.019588e-10,6.212008e-10,1.22805e-09,1.7968723e-09,6.3696376e-08,9.496427e-10,9.999915e-10,3.1533479e-10,6.8041256e-10,1.4692224e-09
Otu8,Bacteria,Firmicutes,Lachnospirales,Clostridia,Lachnospiraceae,Blautia,na,0.98896796,7.2482675e-10,1.6603838e-09,3.8826558e-05,0.0021418235,1.380731e-09,0.000734171,0.039791044,1.6881816e-09,0.013828361,7.465369e-09,0.00045784438,1.3055394e-07,0.016589265,0.0011341576,0.05205202,0.03915845,0.0053670323,0.19089232,0.0052251555,0.07686861,0.017492253,0.008150708,0.024709523,0.0028313545,0.056707937,0.05448884,1.9727588e-07,0.012515649,0.053258594,0.43661118,0.1399579,0.030504704,0.023999598,0.4990333,0.0197961,0.0034115608,0.0028533963,1.590178e-08,0.014108428,0.003905912,0.035120793
Otu30,Bacteria,Firmicutes,Lachnospirales,Clostridia,Lachnospiraceae,Lachnospira,eligens,6.510122e-10,1.3694169e-09,0.0005747793,0.00018224311,5.151328e-10,1.4183784e-09,5.968431e-10,0.0013497559,8.6958335e-10,0.0038911833,1.0896032e-09,6.144075e-10,1.1277715e-09,0.00086245843,3.8283037e-05,0.0004800428,9.162831e-10,2.0371544e-09,4.2884069e-10,0.00048499843,1.5452017e-09,9.953269e-10,7.952349e-10,0.00094389607,9.397964e-10,1.0932666e-09,0.0005483988,1.4247337e-09,1.2113198e-09,0.0097799,1.6926239e-07,2.2589577e-09,0.0084557235,6.975934e-10,0.0050512985,0.00016779493,3.280249e-07,0.00035543428,0.04245772,6.0749805e-10,7.549948e-10,0.012951219
Otu383,Bacteria,Firmicutes,Clostridia UCG-014,Clostridia,na,na,na,6.685971e-10,1.2386808e-09,1.152785e-09,0.00033714686,9.268847e-10,0.0015188645,0.0012711344,0.00072277,0.00030939377,1.1582305e-09,1.082564e-09,0.00012430597,1.8526689e-09,0.00011260132,8.143236e-10,0.0036032803,2.9175011e-09,0.005466899,8.061356e-06,0.0023066497,0.0039719227,0.0010684313,1.0836514e-09,0.004699212,8.896257e-09,0.00044141657,9.2273716e-10,0.0021227107,1.3313722e-09,9.055426e-10,1.0202382e-09,0.009577857,0.001965568,5.724866e-10,2.4241047e-09,0.001310838,7.5860065e-08,3.7092927e-09,1.2515532e-09,2.9210967e-10,8.086451e-10,1.894235e-09
Otu59,Bacteria,Firmicutes,Monoglobales,Clostridia,Monoglobaceae,Monoglobus,na,2.252656e-09,0.000118604694,0.0011976835,0.0015429549,4.0418535e-09,0.008447641,0.0012095674,0.007344706,0.00017788506,0.004243806,0.0039580413,3.1837388e-09,0.00019209717,0.00091490813,4.0217138e-08,0.002341322,0.00022847543,0.2994901,0.00879453,0.0004570053,0.0033590547,0.007977276,0.0060897884,0.0028939934,2.217378e-09,0.00058530393,0.84240884,1.6291091e-09,0.016633065,0.0044108797,1.0636901e-09,0.044211943,2.0631262e-07,1.0871245e-09,0.010944049,3.229152e-09,0.0030582098,1.9757629e-09,0.003023419,7.223143e-09,0.00800597,0.0033866633
Otu31,Bacteria,Firmicutes,Lachnospirales,Clostridia,Lachnospiraceae,na,na,7.832094e-10,5.032041e-10,8.3870005e-10,1.1017907e-09,1.2135428e-09,1.0051174e-09,0.004540193,0.0051154583,1.1100206e-09,0.0024479255,0.003514808,0.0039667953,0.010823083,2.91739e-08,0.09157824,0.0017470531,0.0071510337,0.006577718,0.005458985,1.210298e-09,0.017063225,0.009717394,7.7929463e-10,0.01596808,1.7635852e-08,0.023316806,1.6181088e-08,0.0006554001,0.015446108,0.00046730586,0.022477206,0.013363152,0.023468954,0.0035716805,0.0022922342,0.009939474,0.024785321,1.8331012e-09,0.050275013,0.003314388,0.0013017808,0.00682019
Otu4,Bacteria,Firmicutes,Lachnospirales,Clostridia,Lachnospiraceae,Rumincoccus,bicirculans/flavefaciens,1.3761596e-09,7.4774115e-10,0.00012418928,9.484181e-10,2.4623663e-09,0.89239305,9.414677e-10,1.7039622e-09,1.3612974e-09,0.0017411787,9.3079e-09,0.0013639494,0.00680158,0.0023772318,0.0037163557,3.101355e-09,0.0017084455,0.010103373,1.2641334e-09,9.542722e-10,0.0040266956,1.0984993e-09,2.3951965e-09,0.0031164186,0.0048210416,0.0016569217,1.2762891e-09,8.6400453e-10,0.0026173664,0.004452505,0.004314965,2.5617564e-09,0.00430827,1.0914002e-09,0.0033700683,0.01073959,0.003214024,0.00024220881,0.0010440568,0.003780424,0.006996603,0.008937328
Otu62,Bacteria,Firmicutes,Clostridia UCG-014,Clostridia,na,na,na,1.5629585e-08,5.611164e-10,7.966578e-10,9.2003466e-10,8.6916946e-10,7.719109e-10,6.9590883e-10,0.000512515,7.8884344e-10,0.004794671,1.0827355e-09,0.0004011731,2.0506352e-09,0.0008531815,1.5432999e-09,1.1385638e-09,0.004326788,0.020076735,4.8878457e-10,1.0533597e-09,0.019367592,0.0025888497,8.075747e-10,2.1593034e-09,1.03633715e-08,3.180794e-09,9.447473e-10,7.2356526e-10,1.3539722e-09,8.486512e-10,1.5563543e-09,1.00638005e-08,1.081192e-09,6.426017e-10,0.004073675,0.0021790704,1.5864427e-07,8.378138e-10,9.999915e-10,3.1533479e-10,1.3417765e-09,5.5346967e-09
Otu95,Bacteria,Firmicutes,Lachnospirales,Clostridia,Lachnospiraceae,Eubacterium,ramulus,8.7697893e-10,4.2628742e-10,0.0042803027,3.932454e-10,7.8748497e-10,5.2800266e-09,8.025093e-10,0.00955477,0.0017544056,0.014101874,1.2469389e-09,6.313854e-10,0.0015073073,4.0086294e-09,0.018158982,0.014799641,0.74106747,0.0040931148,0.00607891,7.75278e-10,0.042853158,3.4496683e-09,0.0008100463,0.008340549,0.004061987,0.013742594,0.00085473893,1.0619797e-09,4.043591e-05,0.0068613323,0.0010669003,0.026784614,1.1702639e-08,0.0019918415,0.009509741,0.0039381697,0.010849039,2.9923943e-09,0.00061126956,0.004895819,1.6405333e-09,0.005183899
Otu142,Bacteria,Firmicutes,Lachnospirales,Clostridia,Lachnospiraceae,na,na,3.5246978e-10,0.00031280587,0.0010789632,4.903624e-10,1.3381117e-09,8.1684914e-10,6.8591083e-10,0.00105726,9.060814e-10,1.1869215e-09,1.0827355e-09,1.5051429e-09,1.0659639e-09,0.00029917285,5.3028987e-10,0.0025995304,0.000918315,0.0045591914,5.0905014e-10,7.984916e-10,0.000107998334,9.611557e-10,7.8507717e-10,1.442332e-09,0.0020022595,0.0007850601,0.0017440357,0.0009654621,0.0014209367,2.354639e-09,0.00020727284,2.001146e-09,0.0005179145,1.2270077e-09,4.4218975e-09,3.2619112e-09,0.21816483,7.057616e-10,0.023447698,3.3123285e-10,9.753601e-10,0.0020625745
Otu229,Bacteria,Firmicutes,Lachnospirales,Clostridia,Lachnospiraceae,Tyzzerella,na,5.0251087e-10,4.5685136e-10,0.001800199,7.674257e-10,5.9550975e-10,0.00040603415,5.995414e-10,0.0008683469,8.396906e-10,0.00030906012,1.3201158e-09,6.968633e-10,1.1669112e-09,1.7445895e-09,0.000293497,2.6997922e-09,0.013077823,0.00926392,1.4856968e-09,1.3771957e-09,0.0007100213,8.6858526e-10,7.6862766e-10,4.8156803e-09,1.3222449e-09,0.0015789398,1.7508671e-09,1.2538289e-09,0.00072868774,0.0014933181,0.0003575204,8.185859e-08,0.0066616996,0.012795389,0.0001309673,1.9563407e-08,4.3809146e-07,0.016060406,0.013526821,0.0048254468,0.0002113827,0.005355613
Otu66,Bacteria,Firmicutes,Erysipelotrichales,Bacilli,Erysipelatoclostridiaceae,Erysipelatoclostridium,na,0.0056210943,3.6344183e-10,6.8375317e-10,6.9647105e-10,3.6155074e-09,8.462128e-10,1.0822243e-09,7.457006e-10,0.00036986952,1.1015275e-09,1.0827355e-09,6.101659e-10,0.001078134,3.1500847e-05,5.918633e-10,0.0073718205,1.1697933e-09,0.0007850787,0.0015401093,7.577478e-10,1.3563856e-09,0.0007077872,8.301718e-05,1.439062e-09,8.5172935e-10,0.00076559006,0.0038184607,7.216151e-10,1.3593102e-09,1.1613878e-09,1.5680256e-09,0.011414053,0.00010988896,0.004814555,1.22805e-09,1.3836745e-09,6.876504e-08,6.400551e-05,7.8750706e-10,0.0009591135,5.0911685e-06,9.7633695e-08
Otu47,Bacteria,Firmicutes,Lachnospirales,Clostridia,Lachnospiraceae,Fusicatenibacter,na,8.0769974e-10,1.5552372e-09,5.4429194e-10,6.9688474e-05,4.834579e-09,0.0033859094,0.0013754475,7.0837564e-10,1.7941874e-08,0.007566048,3.4990884e-09,7.1848516e-10,0.006455151,0.010808429,4.90279e-10,0.0062891156,0.00018365642,2.5261642e-07,0.0026659104,0.0010113374,0.0029937832,0.0113108335,0.87611663,0.0031096942,0.03461964,1.2819767e-09,0.0073117604,0.0019571239,0.004939019,0.029051762,0.0051305434,0.020767651,0.038617425,3.9237147e-09,0.0033875527,0.00426674,0.0025925918,0.002596205,0.021975802,0.00010736702,0.0019423392,0.01212632
Otu43,Bacteria,Firmicutes,Lactobacillales,Bacilli,Streptococcaceae,Streptococcus,na,7.046025e-10,5.522886e-10,9.910566e-05,1.7605154e-09,0.00057310984,0.00034437524,6.3469424e-10,2.5146885e-09,1.7064824e-09,0.018833581,0.00086631655,1.9841606e-09,0.029494902,0.71187174,2.8974128e-07,0.036375567,1.1158159e-09,0.00070609763,1.0352643e-09,0.0022071614,0.0013702544,0.0073379804,0.0046469844,0.022728337,0.0011860349,1.1777305e-09,3.1303356e-05,1.042095e-09,2.457557e-08,0.00018048327,0.036795627,1.4697803e-09,0.0051400657,0.0012258149,0.011386088,0.0043552094,0.013542707,6.602523e-09,3.4930903e-09,0.0041818353,0.0011461194,0.03206837
Otu50,Bacteria,Firmicutes,Lachnospirales,Clostridia,Lachnospiraceae,[Eubacterium] oxidoreducens group,na,0.0023024066,6.2494465e-10,5.4120597e-10,5.5882066e-10,8.6916946e-10,9.129817e-10,6.345103e-10,7.8661544e-10,2.0149662e-09,1.5373914e-09,1.082692e-09,0.001750823,3.0997085e-09,0.0008981878,1.5429292e-09,0.004132233,5.7346027e-05,1.0814502e-09,3.4542036e-09,8.0924394e-05,2.2652449e-09,0.0039012588,0.0014552881,3.5706438e-09,0.008188565,0.0007492011,1.0811992e-09,7.2345346e-10,1.2314261e-09,8.122079e-10,0.000815839,1.4984832e-09,0.016226947,6.6852507e-10,1.0997655e-09,2.6814508e-09,6.5568386e-08,6.373001e-09,1.0338799e-09,0.0013271193,1.7862248e-09,1.3007654e-09
Otu45,Bacteria,Firmicutes,Oscillospirales,Clostridia,Ruminococcaceae,Ruminococcus,na,5.3941563e-05,6.3370337e-10,0.006804358,5.8965494e-10,2.1734825e-09,0.0063325204,6.888437e-10,8.5148855e-10,0.0006514551,0.0010524346,0.022932587,0.0014034027,0.017529929,0.0009454022,6.7532724e-10,0.010699896,1.0253433e-09,0.0008375447,1.8363e-08,1.702951e-08,0.022969581,0.002261333,0.0037324403,0.001636341,9.389309e-10,3.0037267e-08,9.599048e-10,5.371158e-09,1.2174649e-09,9.546047e-10,1.4585945e-09,2.4020717e-09,0.0006599506,1.7969144e-09,0.00823237,0.0018106971,0.3051886,9.197519e-05,1.8588712e-09,3.627931e-10,1.2199434e-09,0.0020532396
Otu21,Bacteria,Firmicutes,Erysipelotrichales,Bacilli,Erysipelatoclostridiaceae,Erysipelotrichaceae,UCG-003,2.5331544e-09,7.9283585e-10,0.0015655509,1.2599823e-09,3.495807e-08,1.2193301e-09,5.348822e-10,0.85227066,0.004492904,7.3026722e-09,5.829159e-09,1.7071385e-09,0.0017065937,0.0032897422,0.008612851,0.0077601024,0.0005636255,0.004756383,1.46893475e-08,9.980355e-10,0.07674526,2.1494782e-09,0.0018885048,0.0058800853,1.2903743e-09,0.04659225,0.003105337,4.103524e-09,0.0060283616,0.022818776,0.0030582221,0.026584176,0.021952786,0.0019908187,0.019020593,0.004133737,2.2345388e-07,0.008052661,0.004446883,0.015309574,0.0005402868,0.024763396
Otu74,Bacteria,Firmicutes,Lachnospirales,Clostridia,Lachnospiraceae,na,na,8.8143626e-10,3.5568629e-10,7.9487295e-10,0.003566961,2.8245386e-09,7.194233e-10,2.4442792e-05,6.5163597e-10,6.800499e-05,0.0013786074,2.0666586e-09,7.7163104e-10,0.0006000665,0.006424773,0.014834683,0.0024103422,6.843172e-09,1.1338495e-09,8.6944535e-10,0.00057592127,0.0015292936,0.00088476104,0.0027836938,0.0009290492,0.00145282,0.00011587934,0.0014206914,7.180207e-10,0.0010975578,0.00028974895,0.0051774173,1.474309e-09,0.005060644,6.466468e-10,0.0010403449,3.145769e-09,0.0013053102,0.0028259794,0.001187305,0.000789794,3.906932e-09,0.0039160238
Otu6,Bacteria,Actinobacteriota,Bifidobacteriales,Actinobacteria,Bifidobacteriaceae,Bifidobacterium,na,1.5679529e-09,1.1281889e-09,0.0033791221,1.1345283e-08,0.9820401,2.4940414e-09,2.5226572e-09,1.6911019e-09,0.0012272635,1.9658961e-09,2.2764877e-09,3.2570204e-09,5.2838867e-09,0.03409311,0.014935533,0.10766537,0.025315076,0.11359852,0.18077329,1.895876e-09,0.0045302776,0.0030426877,1.7556685e-09,0.026279379,0.0011584924,0.0062324167,1.1343324e-09,0.40986088,0.03287686,0.35910198,0.004242335,0.13013497,0.07783014,0.009304361,0.01577079,0.017805228,0.007874784,0.028960153,0.27819198,0.17475612,0.007653727,0.07246075
Otu23,Bacteria,Firmicutes,Lachnospirales,Clostridia,Lachnospiraceae,Blautia,faecis/phocaeensis,1.2375266e-09,1.2407522e-09,0.93847466,6.074011e-10,1.5457929e-09,9.347145e-10,4.3079966e-09,0.012266542,1.2268636e-09,0.0041994876,0.019368915,1.17956125e-08,0.0024552613,0.009717479,0.01987722,0.012111055,0.0038320443,0.022784721,0.01375883,1.0326688e-09,0.01953367,0.019212576,0.013952612,0.010273462,0.34959695,0.08940771,0.011837549,0.0028607869,0.009058809,0.0039363485,0.018335909,7.755742e-09,0.017845986,2.1338587e-05,0.032651313,0.006894942,1.8940968e-07,0.0026540216,0.14939038,0.020150485,0.004429804,0.008071487
Otu2167,Bacteria,Firmicutes,Lachnospirales,Clostridia,Lachnospiraceae,na,na,7.0205636e-10,4.970154e-10,8.121474e-10,7.308817e-10,8.6916946e-10,8.462128e-10,5.452831e-10,7.9213647e-10,8.2876733e-10,1.2592563e-09,1.0827355e-09,7.7246604e-10,1.2749769e-09,1.4456425e-09,5.218783e-10,1.2282384e-09,8.669025e-10,1.0814502e-09,4.7970933e-10,8.53014e-10,0.00016424074,1.0357485e-09,8.075747e-10,1.442332e-09,8.5172935e-10,6.907691e-10,1.0811992e-09,7.023047e-10,1.3593102e-09,7.859991e-10,1.0842477e-09,1.4981146e-09,6.019588e-10,6.212008e-10,1.22805e-09,1.7968723e-09,0.043546993,8.202014e-10,9.999915e-10,3.2669895e-10,6.8041256e-10,1.0974497e-09
Otu29,Bacteria,Firmicutes,Oscillospirales,Clostridia,Ruminococcaceae,Cibiobacter,Qucibialis,6.0931515e-10,4.6642035e-10,0.0033646098,0.00225086,9.9692945e-05,7.431895e-10,0.0008292063,7.800728e-10,0.0011854423,0.005758968,0.00096239353,6.506268e-10,0.007184326,0.017840572,0.002808458,0.0139167,9.77259e-10,0.00077692966,0.011250084,6.8617206e-10,0.004629587,0.009323512,0.0026944412,0.5880915,0.0019726795,1.6594222e-09,1.6035051e-09,1.643193e-05,0.00095487694,0.0012525503,0.019406665,1.3752456e-09,0.0029790732,8.0007556e-10,0.0025527668,0.0020341196,0.00020541131,0.00056757894,0.013843525,8.450684e-10,0.00046134822,0.007147234
Otu48,Bacteria,Firmicutes,Lachnospirales,Clostridia,Lachnospiraceae,Lachnospira,pectinoschiza,4.196738e-10,6.350173e-10,0.0002857913,1.5165973e-09,7.2483725e-10,6.601169e-10,8.0249396e-10,1.0353685e-08,1.218215e-09,0.013517421,0.0055988464,0.00064414035,1.1057011e-09,0.0002895195,5.1806304e-10,0.0012481256,2.376739e-09,7.909312e-10,6.8865025e-10,2.289761e-09,0.005646614,0.019025194,7.748348e-10,1.73589e-09,0.0005509954,1.0824336e-09,0.0022963919,9.436314e-10,9.857376e-10,1.4054401e-09,0.007688183,1.4899304e-09,0.00050027494,5.73094e-10,0.0015253185,3.4177823e-09,1.8061952e-07,4.7829816e-09,1.0184648e-09,5.9825285e-05,0.0032985078,2.7136766e-09
Otu1,Bacteria,Firmicutes,Lachnospirales,Clostridia,Lachnospiraceae,Agathobacter,rectalis,0.0003436439,0.9995436,0.0020974353,1.8124447e-09,1.9516182e-09,0.0030935805,2.3326272e-09,0.013419971,2.9157983e-09,0.01443914,0.00013912779,0.01630234,1.4275584e-08,0.004481131,0.6848671,0.07802096,0.060663473,0.343117,0.22078224,1.296322e-09,0.13993216,0.007565364,2.0399118e-09,0.009476721,0.005901247,0.018461285,2.5596243e-09,0.54050845,0.027616266,0.034626327,0.010322872,0.06670962,0.18242668,0.7100894,0.035937857,0.10130084,1.153002e-07,0.53976905,0.07315339,0.3007835,0.54209405,0.10200747
Otu17,Bacteria,Firmicutes,Lachnospirales,Clostridia,Lachnospiraceae,Roseburia,faecis/torques,6.976805e-10,7.7357515e-10,1.8529e-09,0.00023068201,1.0538357e-09,0.0038859332,1.2661755e-09,7.000911e-09,4.38686e-09,0.0129585825,0.0016893368,0.0050145276,0.0022253594,0.02287378,0.011458683,0.022790242,0.005559299,0.0044495324,0.021639815,0.96307,0.08167632,0.008376482,2.253248e-09,0.04741784,0.0020536974,2.0994433e-09,0.0006805071,0.013032541,0.014950138,0.034774676,0.008345579,0.23988809,0.27654064,0.010045918,0.1557157,0.04410897,6.095296e-08,0.0035621342,0.0007903395,0.24454387,0.0054290993,0.013911575
Otu130,Bacteria,Firmicutes,Clostridia UCG-014,Clostridia,na,na,na,8.236711e-10,4.8313903e-10,7.883472e-10,0.0018489637,8.423861e-10,8.4606927e-10,0.0003819383,8.174297e-10,9.993526e-10,1.2524677e-09,1.0827355e-09,0.004595011,1.086982e-09,0.0029064564,5.3036875e-10,2.2159354e-09,1.056258e-09,0.0008033829,0.00083183544,0.0023743007,9.294034e-05,2.5017175e-09,8.075747e-10,1.442332e-09,8.5172935e-10,0.0011919788,1.574e-09,0.005831189,1.3593102e-09,0.000345442,1.2557213e-09,1.4750686e-09,0.0012385526,4.691628e-10,0.00015168497,7.619287e-09,6.044062e-08,7.940451e-10,1.8340708e-09,0.00024523475,7.042387e-10,0.0045010294
Otu49,Bacteria,Firmicutes,Lachnospirales,Clostridia,Lachnospiraceae,[Eubacterium] xylanophilum group,na,1.3711058e-09,4.9878085e-10,7.616565e-10,7.589711e-10,8.793345e-10,0.015938161,3.8561995e-10,8.081838e-10,1.045255e-09,1.3031157e-09,0.010528372,0.00012542124,0.01188427,1.7970768e-09,6.407274e-10,0.0015094648,1.0501993e-09,3.6749757e-09,5.504134e-10,8.67876e-10,1.8224924e-09,0.0030490737,9.7577896e-08,0.005156091,0.01955343,1.1567632e-09,1.8429426e-09,0.004611746,2.3537632e-09,0.0001382632,1.123888e-09,1.5053442e-09,0.0007898386,6.303806e-10,0.008234293,1.8510669e-09,0.00010315932,3.226718e-09,1.0627063e-09,4.0432757e-10,9.634196e-10,1.8299912e-09
Otu16,Bacteria,Firmicutes,Lachnospirales,Clostridia,Lachnospiraceae,Dorea,longicatena,9.473509e-10,6.8292255e-10,0.010144678,1.6349356e-09,1.8151572e-09,0.0077855275,0.0002463909,7.8413326e-10,0.0016709574,0.0010131754,0.0041715563,1.0657377e-09,0.84598136,2.3477449e-09,0.0017073957,0.012145314,1.0463482e-09,0.004123691,9.834462e-09,0.0029146704,0.043662727,1.8396825e-09,0.0030398269,0.008501492,7.3745947e-09,0.028743906,0.0029903091,0.0004207601,0.009307704,1.1617731e-09,0.01068717,8.648551e-07,0.0077604624,0.015921408,0.0008930112,0.03532032,0.0066151386,0.0004232558,0.034678683,0.0030190686,0.017275171,0.0038104448
Otu28,Bacteria,Euryarchaeota,Methanobacteriales,Methanobacteria,Methanobacteriaceae,Methanosphaera,na,5.860755e-10,3.6851874e-10,8.48902e-10,1.7580694e-09,1.2936713e-09,7.444891e-10,1.5140268e-09,0.00036593145,0.0062575093,0.0006333183,1.0827292e-09,7.7778983e-10,1.2713101e-09,1.4456425e-09,0.0016633121,1.1827702e-09,1.0105525e-09,1.0814502e-09,0.0051104864,8.658869e-10,1.806207e-09,1.0375082e-09,8.0659257e-10,1.8474363e-09,0.00014032451,8.937478e-10,1.0811992e-09,6.8891937e-10,1.347621e-09,2.6437851e-08,1.4413704e-09,1.4981146e-09,6.019588e-10,6.212008e-10,0.00038267992,1.7968723e-09,0.00013384763,8.5321294e-10,7.704631e-09,3.5791045e-10,7.3261514e-10,1.4947522e-09
Otu82,Bacteria,Firmicutes,Lachnospirales,Clostridia,Lachnospiraceae,na,na,1.5645123e-08,2.811489e-10,1.1690194e-09,5.2708743e-10,2.4409355e-09,8.245555e-10,1.9956892e-09,0.0033920133,6.3019066e-08,0.00072587904,0.00019200442,0.0033517047,0.00032374848,1.7198434e-09,0.058653027,0.021728763,6.4107766e-08,1.8384274e-08,0.006434259,7.79587e-10,0.0023738253,0.0031045447,7.329471e-10,0.00017423561,1.0297713e-09,0.017615944,1.0984602e-09,3.2665084e-05,0.7356497,2.1985147e-09,1.0829481e-08,0.009563885,0.018258477,1.552326e-09,0.07547715,0.009504522,6.438431e-08,1.7412825e-08,2.0520412e-09,0.01698897,0.00018324344,0.00068320316
Otu182,Bacteria,Firmicutes,Clostridia UCG-014,Clostridia,na,na,na,7.62674e-10,3.1537312e-10,1.691518e-09,8.1584595e-10,7.8953033e-10,8.8671026e-10,5.293751e-10,0.0047660214,6.7509265e-10,1.2068966e-09,1.0392526e-09,8.0820445e-10,1.6324909e-09,0.0014600377,0.0019320648,0.007916832,3.9557772e-08,0.00054249034,4.4144452e-10,8.937771e-10,0.016990114,1.5210861e-09,6.4746297e-10,1.8359989e-09,0.012298134,0.0074564605,1.5141023e-09,6.447957e-10,0.0022869408,0.0004279715,0.00019111008,0.017693209,0.003414095,0.0021812224,0.005227523,0.5783375,1.6746757e-06,4.271879e-09,0.013810991,4.1944012e-10,8.9836383e-10,0.0044181095
Otu143,Bacteria,Firmicutes,Oscillospirales,Clostridia,Butyricicoccaceae,Butyricicoccus,na,6.997809e-10,1.1420713e-09,8.086263e-10,0.00020757552,7.568476e-10,6.243249e-10,6.8171374e-10,7.921123e-10,8.3591295e-10,1.2456969e-09,1.0827355e-09,0.00021919732,1.0919858e-09,3.7857745e-08,5.218783e-10,0.0076192417,0.0013998465,1.1256525e-09,0.0010545116,8.330791e-10,3.967508e-09,0.00033279328,8.513744e-10,0.07722622,0.0117962705,8.910091e-10,1.0811992e-09,6.5995065e-10,1.3593102e-09,0.006055288,0.00090045686,1.4981146e-09,2.8009506e-09,0.0010525255,1.22805e-09,1.4255183e-09,3.9767002e-08,8.3661295e-10,9.999915e-10,3.386328e-10,0.0007334461,0.00044849998
Otu9,Bacteria,Firmicutes,Lachnospirales,Clostridia,Lachnospiraceae,Fusicatenibacter,saccharivorans,5.096735e-09,7.1768425e-10,1.1152734e-09,1.4841408e-09,4.1667607e-09,0.0045569893,0.00047091668,0.007304673,0.96843094,0.013716175,0.009199866,1.4955048e-09,0.023491964,0.020583583,0.009035056,0.019630132,0.001749427,0.006865383,0.01879435,9.274103e-10,0.1693448,1.3755503e-09,0.0028397618,0.0049264133,0.0025385595,0.0072122086,4.539897e-09,1.5820804e-08,0.02261427,0.30259556,0.006599998,0.07342823,0.0060681966,1.4678359e-09,0.009295695,0.034090005,0.0012801933,0.0023933803,0.014692967,0.02918418,0.0068562375,0.041412797
Otu97,Bacteria,Firmicutes,Lachnospirales,Clostridia,Lachnospiraceae,na,na,8.1881524e-10,7.6040924e-10,0.0017744153,0.0017976734,7.318527e-10,8.1603163e-10,8.338634e-10,9.59555e-05,0.0015235259,1.1459144e-09,1.0782797e-09,0.00042517824,1.3526625e-09,0.00029861898,0.016823018,1.3716006e-09,0.0071483026,2.0053648e-09,0.002275423,7.838229e-10,1.9366466e-09,1.0743757e-09,7.558226e-10,1.3617076e-09,9.516546e-10,0.0016031775,1.7690039e-09,7.616179e-10,0.0020309333,0.0014797143,1.0951177e-09,0.0031741087,0.0005481262,4.841923e-10,1.3965327e-09,1.7552109e-09,6.069627e-08,0.0012308527,0.0013417263,0.0047998936,1.2904847e-09,0.0107160285
Otu24,Bacteria,Firmicutes,Lachnospirales,Clostridia,Lachnospiraceae,Anaerostipes,hadrus,5.4565796e-09,6.562981e-10,0.010888604,0.0017042997,1.4578967e-09,0.008635514,0.0011088304,7.8390894e-10,4.588477e-05,0.8326548,0.0009352481,3.0869631e-09,7.718026e-09,0.0114557175,3.8033683e-09,0.32149503,4.019434e-09,0.0006742558,7.897847e-08,1.8935054e-09,0.016976805,0.014649567,0.0091247475,0.027765008,0.040945742,1.1900073e-09,0.012611555,0.0049782787,0.00029221128,0.00206976,5.225543e-08,3.4995626e-09,0.040758394,2.1150306e-09,5.150883e-09,0.0010638891,0.0017921096,0.0027448512,1.6116797e-09,6.7086453e-10,0.0064461813,0.17728625
Otu12,Bacteria,Firmicutes,Lachnospirales,Clostridia,Lachnospiraceae,na,na,7.0395634e-10,4.8494675e-10,7.6467116e-10,7.9117046e-10,8.670401e-10,1.0330926e-09,7.0233885e-10,1.0184376e-09,8.701657e-10,1.2592563e-09,0.16559502,8.786725e-10,1.2749743e-09,1.4456425e-09,5.218654e-10,1.1727134e-09,0.00061960705,1.0694238e-09,0.0030445259,8.53014e-10,1.6741716e-09,1.0196382e-09,8.075747e-10,1.5057414e-09,9.0721297e-10,9.020126e-10,1.0744685e-09,1.1984378e-09,0.00013347052,1.5581004e-09,1.0842477e-09,1.4981146e-09,6.019588e-10,6.2138333e-10,3.9925356e-09,1.7968723e-09,7.442899e-08,8.0911955e-10,9.999915e-10,3.1533298e-10,6.986491e-10,1.4692224e-09
Otu34,Bacteria,Firmicutes,Oscillospirales,Clostridia,Ruminococcaceae,Subdoligranulum,variabile,1.114835e-09,5.859758e-10,0.0009626765,8.0117163e-10,0.004646936,9.485635e-10,2.0834334e-09,0.0014834761,0.001095168,0.00660199,0.01296914,0.0025074861,0.0024934455,0.01294283,3.4558656e-10,0.005547331,1.7010234e-09,2.297597e-09,0.00090198964,0.0010799529,0.012900702,0.7803095,0.024792315,0.010863106,0.0075776824,0.006802062,0.0056459997,4.601637e-05,1.2015976e-09,0.00043139953,0.020770282,1.6962106e-09,0.012891576,5.048601e-05,9.409113e-09,0.002890648,0.00092291646,0.0034383556,0.007021764,3.875129e-09,0.0022274794,0.25670245
